"ticker","market","price","above_cloud","bull_cloud","MA50_diff","RS_1m","RS_3m","Momentum","TrendLabel","updated_at"
"MRNA","US",150.809997558594,TRUE,TRUE,83.8899618399663,97.314490688511,112.297668336156,100,"Strong trend","2026-09-03"
"CRL","US",291.760009765625,TRUE,TRUE,16.0619491187189,22.0097796404861,48.3697239378319,98.9208633093525,"Strong trend","2026-09-03"
"KNOS","UK",1215,TRUE,TRUE,30.7843833758517,30.1772649551035,32.4852762139532,98.3213429256595,"Strong trend","2026-09-03"
"MPC","US",387,TRUE,TRUE,22.3364173335508,21.3468332649298,37.0389858896196,98.0815347721823,"Strong trend","2026-09-03"
"PSX","US",256.089996337891,TRUE,TRUE,21.417542692543,21.8186888271661,32.6904372916043,97.7218225419664,"Strong trend","2026-09-03"
"VLO","US",366.089996337891,TRUE,TRUE,18.0888229925451,17.0412050706891,33.6636087484681,97.4820143884892,"Strong trend","2026-09-03"
"ABNB","US",183.259994506836,TRUE,TRUE,13.5831144304393,20.0804073285797,31.6130498973694,97.1223021582734,"Strong trend","2026-09-03"
"IQV","US",263.839996337891,TRUE,TRUE,16.3399805600004,14.5120420876447,37.1061453546513,96.8824940047962,"Strong trend","2026-09-03"
"MRK","US",151.639999389648,TRUE,TRUE,13.6244425547332,16.9479022703514,27.9189289094238,96.4028776978417,"Strong trend","2026-09-03"
"RVTY","US",130.940002441406,TRUE,TRUE,13.3059685522582,16.1701670280486,25.8925878591052,95.4436450839329,"Strong trend","2026-09-03"
"VRTX","US",556.75,TRUE,TRUE,10.0497839682047,15.1021337896924,26.2199041944592,95.2038369304556,"Strong trend","2026-09-03"
"REGN","US",852.030029296875,TRUE,TRUE,16.8269319028887,11.3435329693683,31.9597258161832,94.2446043165468,"Strong trend","2026-09-03"
"AMGN","US",442.839996337891,TRUE,TRUE,12.5332632352009,12.70105310302,26.951194779093,93.8848920863309,"Strong trend","2026-09-03"
"HOOD","US",106.98999786377,TRUE,TRUE,5.58570778906398,13.4666946891581,25.5703626728674,93.8848920863309,"Strong trend","2026-09-03"
"SHOP","US",141.869995117188,TRUE,TRUE,6.79218106526045,14.0290675985411,22.8054385044848,93.6450839328537,"Strong trend","2026-09-03"
"AEP","UK",202,TRUE,TRUE,15.9472201020847,13.7783702363054,24.6939269650028,93.5251798561151,"Strong trend","2026-09-03"
"HFD","UK",265,TRUE,TRUE,11.0831656606304,8.66683826456738,38.8997636134183,93.4052757793765,"Strong trend","2026-09-03"
"ITH","UK",286,TRUE,TRUE,18.6662904150597,18.4561813729875,19.0466551106503,92.9256594724221,"Strong trend","2026-09-03"
"ATYM","UK",1025,TRUE,TRUE,14.2838029189756,15.3662993887332,19.7261877941648,92.6858513189448,"Strong trend","2026-09-03"
"CMCX","UK",727,TRUE,TRUE,6.33940847789838,7.12552046212442,52.5141268845911,92.326139088729,"Strong trend","2026-09-03"
"TGT","US",163.360000610352,TRUE,TRUE,11.8268392626315,9.8001113092776,26.9243877764077,92.0863309352518,"Strong trend","2026-09-03"
"BDX","US",187.520004272461,TRUE,TRUE,11.263008268931,9.73814874894092,25.2953710258175,91.3669064748202,"Strong trend","2026-09-03"
"CF","US",139.270004272461,TRUE,TRUE,16.1225910929009,16.479812695113,17.7665264912587,91.3669064748201,"Strong trend","2026-09-03"
"MCK","US",924.780029296875,TRUE,TRUE,9.92728869047665,10.7612272959622,22.3541014171667,91.2470023980815,"Strong trend","2026-09-03"
"BGEO","UK",13360,TRUE,TRUE,10.6326598211328,11.3208931998676,20.9022172097001,90.5275779376499,"Strong trend","2026-09-03"
"CCC","UK",5315,TRUE,TRUE,11.7357192711005,14.3173210395419,17.6281509168929,90.2877697841727,"Strong trend","2026-09-03"
"TMO","US",608.539978027344,TRUE,TRUE,7.47434996771729,7.46794542267768,24.9960752919892,89.8081534772182,"Strong trend","2026-09-03"
"APA","US",44.7000007629395,TRUE,TRUE,19.4369649291856,22.2025646592023,15.3740591524259,89.6882494004796,"Strong trend","2026-09-03"
"NEM","US",125.160003662109,TRUE,TRUE,18.3335762572037,24.7384339360301,15.2381197848494,89.568345323741,"Strong trend","2026-09-03"
"INCY","US",128.830001831055,TRUE,TRUE,7.32989250320786,6.60144483756966,27.3730309544542,89.4484412470024,"Strong trend","2026-09-03"
"BOY","UK",956,TRUE,TRUE,23.056327875605,26.6294572160178,14.9801712374331,89.2086330935252,"Strong trend","2026-09-03"
"DE","US",698.369995117188,TRUE,TRUE,13.4580987214902,12.3280529171084,17.1529055038905,88.1294964028777,"Strong trend","2026-09-03"
"JNJ","US",275.209991455078,TRUE,TRUE,5.70063387484258,7.65454426200982,20.9286961032804,88.1294964028777,"Strong trend","2026-09-03"
"LH","US",331.660003662109,TRUE,TRUE,9.10083907167486,6.00180324927635,24.7591173289849,88.0095923261391,"Strong trend","2026-09-03"
"CAH","US",245.490005493164,TRUE,TRUE,5.06084587152589,4.98600355687797,22.590714430765,86.810551558753,"Strong trend","2026-09-03"
"COP","US",137.199996948242,TRUE,TRUE,15.2745471333451,15.1263651775885,14.1896094481528,86.6906474820144,"Strong trend","2026-09-03"
"GPC","US",137.149993896484,TRUE,TRUE,6.95507762795298,3.41152171226469,33.3254637648816,86.6906474820144,"Strong trend","2026-09-03"
"ABBV","US",261.720001220703,TRUE,TRUE,3.15893733960634,7.09270051010593,18.6778959672046,86.4508393285372,"Strong trend","2026-09-03"
"CTVA","US",89.9700012207031,TRUE,TRUE,8.36234087432914,13.8801017410247,14.5334824586894,86.3309352517986,"Strong trend","2026-09-03"
"HOC","UK",647,TRUE,TRUE,28.7874869009526,38.5117097677892,11.2772425828523,86.0911270983214,"Strong trend","2026-09-03"
"PFE","US",29.0200004577637,TRUE,TRUE,12.519873280818,13.2842471903078,13.5601082315503,84.8920863309353,"Trend intact","2026-09-03"
"IFF","US",86.9400024414062,TRUE,TRUE,7.25944668417483,7.21280541577425,16.7116887095351,84.4124700239808,"Trend intact","2026-09-03"
"MSI","US",478.920013427734,TRUE,TRUE,8.40660794996874,7.83024708482269,15.9310960824936,84.4124700239808,"Trend intact","2026-09-03"
"GILD","US",149.610000610352,TRUE,TRUE,10.3290923991629,10.0906994579167,14.8296987742746,84.1726618705036,"Trend intact","2026-09-03"
"GROW","UK",662.5,TRUE,TRUE,5.50707096445408,7.60256297132349,15.6543477392316,83.8129496402878,"Trend intact","2026-09-03"
"AV","UK",731.400024414062,TRUE,TRUE,5.98832912392509,4.1597132834907,18.4785657129018,83.0935251798561,"Trend intact","2026-09-03"
"CSN","UK",369,TRUE,TRUE,9.07800999142747,7.45249863382469,15.1894870163247,82.8537170263789,"Trend intact","2026-09-03"
"MA","US",588.140014648438,TRUE,TRUE,6.14682435004616,2.94007567813015,22.0939924600069,82.7338129496403,"Trend intact","2026-09-03"
"DGX","US",240.800003051758,TRUE,TRUE,6.45738418776046,2.98429031989134,21.7811055822947,82.7338129496403,"Trend intact","2026-09-03"
"CPAY","US",416.399993896484,TRUE,TRUE,9.2850841194783,4.89198686251688,16.7305171304205,82.0143884892086,"Trend intact","2026-09-03"
"J","US",147.080001831055,TRUE,TRUE,6.98485891155194,3.03723597249457,19.2874757053554,81.89448441247,"Trend intact","2026-09-03"
"BMY","US",67.6600036621094,TRUE,TRUE,8.41281403713925,2.65085418151978,21.2265921855271,81.4148681055156,"Trend intact","2026-09-03"
"PLTR","US",169.460006713867,TRUE,TRUE,15.1479458425668,4.0954795136984,17.5382454481388,81.4148681055156,"Trend intact","2026-09-03"
"DELL","US",492.200012207031,TRUE,TRUE,13.0164067691973,5.19779372117153,15.6062355263585,81.294964028777,"Trend intact","2026-09-03"
"TRGP","US",293.459991455078,TRUE,TRUE,5.97842815425734,10.9663289226419,11.0766675635904,81.294964028777,"Trend intact","2026-09-03"
"KIE","UK",249.600006103516,TRUE,TRUE,4.83166694090224,2.67982176079116,19.101310416559,80.9352517985612,"Trend intact","2026-09-03"
"SOLV","US",91.9000015258789,TRUE,TRUE,10.1952844308401,4.40462544504836,15.9387445099918,80.6954436450839,"Trend intact","2026-09-03"
"CVX","US",211.779998779297,TRUE,TRUE,11.681465033264,10.6420903937308,11.005136848368,80.5755395683453,"Trend intact","2026-09-03"
"WELL","US",238.589996337891,TRUE,TRUE,0.899163676022827,2.9864347029787,17.8481338214444,80.5755395683453,"Trend intact","2026-09-03"
"EDV","UK",4569,TRUE,TRUE,15.9621124444174,26.168600908929,7.85118161771745,80.4556354916067,"Trend intact","2026-09-03"
"STT","US",190.039993286133,TRUE,TRUE,3.58265708590554,2.56362679210902,18.5399259268003,79.9760191846523,"Trend intact","2026-09-03"
"SCHW","US",108.23999786377,TRUE,TRUE,3.78054775826806,1.7615436827942,22.316667095929,79.7362110311751,"Trend intact","2026-09-03"
"JDW","UK",825,TRUE,TRUE,7.18879519794198,0.97442914746777,29.1325063730282,79.4964028776978,"Trend intact","2026-09-03"
"BIIB","US",222.669998168945,TRUE,TRUE,6.71877191267249,6.59916569066228,12.7780255561399,79.0167865707434,"Trend intact","2026-09-03"
"SYNC","UK",113.199996948242,TRUE,TRUE,5.30428126419054,5.81981837094858,13.1010537026258,78.6570743405276,"Trend intact","2026-09-03"
"MTO","UK",210,TRUE,TRUE,12.6295238788068,1.53553733261456,21.0133332508617,78.4172661870504,"Trend intact","2026-09-03"
"A","US",151.389999389648,TRUE,TRUE,6.87202815577773,8.39475586153648,9.69629492254001,77.9376498800959,"Trend intact","2026-09-03"
"TECH","US",72.3000030517578,TRUE,TRUE,1.05867395924394,0.290888375701481,35.1944078887253,77.6978417266187,"Trend intact","2026-09-03"
"DRI","US",220.029998779297,TRUE,TRUE,5.09718665128476,7.28536441404897,10.4134135444984,77.4580335731415,"Trend intact","2026-09-03"
"EXPD","US",186.160003662109,TRUE,TRUE,5.04564650004657,2.54611074124353,15.9590930363239,77.3381294964029,"Trend intact","2026-09-03"
"GFTU","UK",1011.20001220703,TRUE,TRUE,4.37590290663099,1.11377564822828,20.3509649129739,77.0983213429257,"Trend intact","2026-09-03"
"COST","UK",221.5,TRUE,TRUE,2.29056987161726,4.14806011207185,12.8449182610648,76.7386091127098,"Trend intact","2026-09-03"
"BNY","US",162.039993286133,TRUE,TRUE,3.48980672201229,3.27444793936991,14.213753945371,76.378896882494,"Trend intact","2026-09-03"
"HSIC","US",90.3899993896484,TRUE,TRUE,3.71653737146306,1.42620665838509,17.6827240789033,76.0191846522782,"Trend intact","2026-09-03"
"CRDA","UK",3352,TRUE,TRUE,6.72168309518351,3.33667593063538,13.1828104868152,75.779376498801,"Trend intact","2026-09-03"
"ROR","UK",485,TRUE,TRUE,14.0264262453388,-0.411523214510634,45.5348633463617,75.6594724220624,"Trend intact","2026-09-03"
"WWH","UK",387,TRUE,TRUE,0.238292581848326,3.550668845691,11.1985917972057,74.220623501199,"Trend intact","2026-09-03"
"RS1","UK",740,TRUE,TRUE,8.20453581716358,3.29700192375695,11.2896346346529,73.9808153477218,"Trend intact","2026-09-03"
"CCEP","US",107.779998779297,TRUE,TRUE,1.1616025045505,1.54273692851543,15.3856863650595,73.9808153477218,"Trend intact","2026-09-03"
"AMP","US",551.849975585938,TRUE,TRUE,3.90146316288391,-0.313008137622894,22.4390109900188,73.0215827338129,"Trend intact","2026-09-03"
"VTR","US",92.0599975585938,TRUE,TRUE,-0.659109782168646,1.32307338227715,15.2486446846665,73.0215827338129,"Trend intact","2026-09-03"
"DVN","US",49.0299987792969,TRUE,TRUE,9.97317142735785,10.7106995703739,5.98855202313295,72.5419664268585,"Trend intact","2026-09-03"
"DLTR","US",131.910003662109,TRUE,TRUE,4.02111223602742,0.91387194609478,15.9166677978535,72.3021582733813,"Trend intact","2026-09-03"
"VZ","US",50.2200012207031,TRUE,TRUE,8.6251218399564,6.8822209983765,7.37404180341108,72.1822541966427,"Trend intact","2026-09-03"
"FOXA","US",67.5199966430664,TRUE,TRUE,12.4939551688305,13.3531311914103,4.91752786911741,72.0623501199041,"Trend intact","2026-09-03"
"FOX","US",60.2700004577637,TRUE,TRUE,12.2137411509056,13.1944573998839,4.80935742584707,71.7026378896882,"Trend intact","2026-09-03"
"MET","US",96.4199981689453,TRUE,TRUE,2.81137049211989,0.301221648088745,17.4758435756309,71.2230215827338,"Trend intact","2026-09-03"
"XOM","US",164.149993896484,TRUE,TRUE,7.98602845871806,6.40877347416398,7.34193167562456,71.2230215827338,"Trend intact","2026-09-03"
"KO","US",88.2399978637695,TRUE,TRUE,2.90546822753087,1.92225638425398,11.3655069841709,70.863309352518,"Trend intact","2026-09-03"
"NXT","UK",15175,TRUE,TRUE,1.05819753464614,1.82881239941484,11.4739894762865,70.7434052757794,"Trend intact","2026-09-03"
"EXPE","US",308.059997558594,TRUE,TRUE,5.1522765489071,-1.29009079183087,31.2373578830906,70.5035971223022,"Trend intact","2026-09-03"
"MSFT","US",496.820007324219,TRUE,TRUE,13.340830304985,0.810410293293629,15.0647861454805,70.5035971223022,"Trend intact","2026-09-03"
"HAS","US",93.5,TRUE,TRUE,5.20796308607734,2.15131570231248,10.55982473788,70.1438848920863,"Trend intact","2026-09-03"
"WAT","US",412.200012207031,TRUE,TRUE,5.64685501034871,3.98925209191034,8.1942920682752,70.1438848920863,"Trend intact","2026-09-03"
"WBD","US",28.3899993896484,TRUE,TRUE,4.95456289664207,9.60500935934894,5.02000829817284,70.0239808153477,"Trend intact","2026-09-03"
"AIZ","US",284.070007324219,TRUE,TRUE,1.56558617285928,0.976345702572612,13.409985770142,69.9040767386091,"Monitor","2026-09-03"
"NDAQ","US",95.7200012207031,TRUE,TRUE,3.99577699068837,2.21832105835453,9.770548151287,69.7841726618705,"Monitor","2026-09-03"
"TBCG","UK",5015,TRUE,TRUE,5.20199202017192,0.861124776543321,13.4015771418202,69.4244604316547,"Monitor","2026-09-03"
"FCH","UK",221,TRUE,TRUE,6.98034643892046,-2.23722977545338,45.6520278908449,68.9448441247002,"Monitor","2026-09-03"
"BAC","US",62.5999984741211,TRUE,TRUE,1.91489086539342,-0.478093423421022,17.7858633284168,68.9448441247002,"Monitor","2026-09-03"
"SBUX","US",106.720001220703,TRUE,TRUE,1.29350508997328,1.65339869289127,10.7006898805219,68.9448441247002,"Monitor","2026-09-03"
"WFC","US",89.2699966430664,TRUE,TRUE,3.26605859021552,0.990661341934906,12.6276450187441,68.9448441247002,"Monitor","2026-09-03"
"FCX","US",73.9300003051758,TRUE,TRUE,11.9771470015294,9.39584217006448,4.55221560415167,68.8249400479616,"Monitor","2026-09-03"
"NDSN","US",316.630004882812,TRUE,TRUE,4.09838010545456,2.22266574579946,8.9751302471659,68.705035971223,"Monitor","2026-09-03"
"JPM","US",356.220001220703,TRUE,TRUE,2.14703235212485,-0.364275295846461,16.8936698983531,68.5851318944844,"Monitor","2026-09-03"
"ALL","US",259.339996337891,TRUE,TRUE,1.47989762459384,-1.23396900434534,21.4180221066716,68.3453237410072,"Monitor","2026-09-03"
"BALL","US",63.2999992370605,TRUE,TRUE,0.735864024718332,-0.708386694116125,18.0806071261777,68.3453237410072,"Monitor","2026-09-03"
"KLR","UK",3012,TRUE,TRUE,-1.50553949588625,-1.25372806816735,21.8836769769052,68.10551558753,"Monitor","2026-09-03"
"LLY","US",1160.07995605469,TRUE,TRUE,-2.53494582230608,3.90247977437772,7.26581302247622,68.10551558753,"Monitor","2026-09-03"
"IMI","UK",3042,TRUE,TRUE,1.76227369435189,2.66504779914936,8.2181745922286,67.8657074340528,"Monitor","2026-09-03"
"ASL","UK",1754,TRUE,TRUE,2.23113328515142,2.54055234354231,8.31833241022339,67.7458033573141,"Monitor","2026-09-03"
"SGRO","UK",943,TRUE,TRUE,1.74751077375507,-1.89081263368349,26.4551188369015,67.3860911270983,"Monitor","2026-09-03"
"HSX","UK",1862,TRUE,TRUE,1.69195311902655,4.67246296823616,5.97522849048842,67.1462829736211,"Monitor","2026-09-03"
"SLB","US",58.1300010681152,TRUE,TRUE,15.4041646329574,13.4588687454247,2.22657067317478,67.0263788968825,"Monitor","2026-09-03"
"HLN","UK",366,TRUE,TRUE,0.831446153504787,1.01607691934928,10.4146960289304,66.7865707434053,"Monitor","2026-09-03"
"RJF","US",175.949996948242,TRUE,TRUE,2.75076386305616,-1.47808758018524,18.276496215538,65.7074340527578,"Monitor","2026-09-03"
"IVZ","US",31.7199993133545,TRUE,TRUE,5.21078422977654,-0.878852768016358,16.333518431338,65.7074340527578,"Monitor","2026-09-03"
"WMB","US",75.1600036621094,TRUE,TRUE,2.29163145624904,4.97818933359682,4.76864602886824,65.7074340527578,"Monitor","2026-09-03"
"MCO","US",490,TRUE,TRUE,0.630563134894141,1.30025073514011,8.87419690028874,65.5875299760192,"Monitor","2026-09-03"
"PCGH","UK",444,TRUE,TRUE,-0.224719101123596,2.04785313435405,7.72313479359905,65.5875299760192,"Monitor","2026-09-03"
"NVDA","US",224.410003662109,TRUE,TRUE,7.22698902899882,5.71715249883011,4.40001913899533,65.2278177458034,"Monitor","2026-09-03"
"IHP","UK",379.5,TRUE,TRUE,-0.492946667365881,1.99607425625388,7.66448855849653,65.1079136690647,"Monitor","2026-09-03"
"AAPL","US",324.959991455078,TRUE,TRUE,3.63817728355596,4.91317609456781,4.62913844249684,65.1079136690647,"Monitor","2026-09-03"
"STAN","UK",2204,TRUE,TRUE,2.57173971722964,0.136208874634303,11.9627976077236,64.9880095923261,"Monitor","2026-09-03"
"OXY","US",60.9099998474121,TRUE,TRUE,9.25286140030037,10.0429148088838,2.10708826806485,64.8681055155875,"Monitor","2026-09-03"
"CCEP","UK",8020,TRUE,TRUE,1.13875682560501,-0.497513464011412,14.4636647359709,64.7482014388489,"Monitor","2026-09-03"
"AAL","UK",4134,TRUE,TRUE,8.8267038723774,10.9562202511526,1.65857460534209,64.6282973621103,"Monitor","2026-09-03"
"VOD","UK",119.400001525879,TRUE,TRUE,4.99804869978698,1.81708064116686,7.70112788293753,64.3884892086331,"Monitor","2026-09-03"
"GFRD","UK",594,TRUE,TRUE,1.23734533183352,-0.168208618298493,12.3481056771022,64.3884892086331,"Monitor","2026-09-03"
"EOG","US",148.960006713867,TRUE,TRUE,5.59312263865388,3.72034305207842,5.13781415170751,64.3884892086331,"Monitor","2026-09-03"
"TRV","US",366.179992675781,TRUE,TRUE,1.42085398000415,-2.9517974333614,23.341645935985,64.2685851318945,"Monitor","2026-09-03"
"NTRS","US",183.979995727539,TRUE,TRUE,0.348747663244452,0.857011205151359,8.81880810907267,63.78896882494,"Monitor","2026-09-03"
"SDLF","UK",908,TRUE,TRUE,1.15639134600388,-1.85493589111312,17.9901579812706,63.6690647482014,"Monitor","2026-09-03"
"RTW","UK",2.44000005722046,TRUE,TRUE,-1.22257131897671,-0.408998126325855,12.6530176259603,63.6690647482014,"Monitor","2026-09-03"
"FSV","UK",467.5,TRUE,TRUE,2.83539737357295,0.321371460309638,9.64873429773396,63.189448441247,"Monitor","2026-09-03"
"MRCH","UK",677,TRUE,TRUE,2.22879922686639,1.03935605272634,7.51311064440765,62.3501199040767,"Monitor","2026-09-03"
"SYF","US",78.3899993896484,TRUE,TRUE,2.1634290080417,-0.876366104233472,13.1656064975108,62.1103117505995,"Monitor","2026-09-03"
"MAB","UK",276.5,TRUE,TRUE,2.19922380336351,-2.32360766808482,17.547344929608,61.5107913669065,"Monitor","2026-09-03"
"BRWM","UK",1014,TRUE,TRUE,8.84967151874276,13.8332983547169,-0.58997221271877,61.1510791366906,"Monitor","2026-09-03"
"HANA","UK",331,TRUE,TRUE,2.92928664717956,4.63761617901506,2.44660521544064,60.9112709832134,"Monitor","2026-09-03"
"ADM","US",85.379997253418,TRUE,TRUE,5.90003499521706,6.67115018434465,1.49863759299658,60.9112709832134,"Monitor","2026-09-03"
"USB","US",62.7700004577637,TRUE,TRUE,-0.274217524577617,-2.2993183911808,16.6547330776214,60.6714628297362,"Monitor","2026-09-03"
"SHEL","UK",3443,TRUE,TRUE,6.96466406944159,1.09514126571515,6.40158578659964,60.5515587529976,"Monitor","2026-09-03"
"ELM","UK",174.600006103516,TRUE,TRUE,2.87532802935234,-1.59093571074562,14.3894234800786,60.431654676259,"Monitor","2026-09-03"
"CLDN","UK",391,TRUE,TRUE,2.0301654402171,0.770222036209223,6.88102064028744,59.9520383693046,"Monitor","2026-09-03"
"PRU","US",119.839996337891,TRUE,TRUE,1.17041338957793,-3.04075084679436,17.3118335760286,59.9520383693046,"Monitor","2026-09-03"
"EW","US",90.8199996948242,TRUE,TRUE,1.32677570240445,1.3524219358592,5.45322260560708,59.4724220623501,"Monitor","2026-09-03"
"PM","US",187.940002441406,TRUE,TRUE,0.123810833247616,0.549553877427922,6.59797342443822,58.7529976019185,"Monitor","2026-09-03"
"SSIT","UK",183,TRUE,TRUE,3.11253402211485,12.4361968985148,-2.16224640131655,58.3932853717026,"Monitor","2026-09-03"
"RR","UK",1469,TRUE,TRUE,0.181950642089899,-2.54063320491884,15.0933751886756,58.1534772182254,"Monitor","2026-09-03"
"ACGL","US",98.2099990844727,TRUE,TRUE,-1.68303170597754,-1.32505614120797,11.1022008215484,58.0335731414868,"Monitor","2026-09-03"
"AAS","UK",444,TRUE,TRUE,0.684838314662792,4.13852161628538,1.36056520557784,57.9136690647482,"Monitor","2026-09-03"
"HSL","UK",958,TRUE,TRUE,1.05911641841428,0.418410652257339,6.24530146465494,57.5539568345324,"Monitor","2026-09-03"
"GLEN","UK",595.900024414062,TRUE,TRUE,9.58577103041476,10.0357337814001,-2.33860484443582,56.7146282973621,"Monitor","2026-09-03"
"CBOE","US",294.119995117188,TRUE,TRUE,4.20024715259265,1.95700330364854,3.11478133996328,56.7146282973621,"Monitor","2026-09-03"
"EDIN","UK",850,TRUE,TRUE,1.80859983231525,0,6.68942348300305,56.5947242206235,"Monitor","2026-09-03"
"BKR","US",64.629997253418,TRUE,TRUE,8.29786027534211,4.5908627787564,0.558574962633074,56.5947242206235,"Monitor","2026-09-03"
"NAIT","UK",436,TRUE,TRUE,0.0826370397576011,-0.913248356327223,8.61776962410525,56.4748201438849,"Monitor","2026-09-03"
"MNTN","UK",2.17000007629395,TRUE,TRUE,4.84611591030685,10.9465198672804,-2.72743913142925,56.4748201438849,"Monitor","2026-09-03"
"FEML","UK",1478,TRUE,TRUE,1.53888430887607,5.99482606137816,-0.135226525001375,56.3549160671463,"Monitor","2026-09-03"
"SWK","US",96.8899993896484,TRUE,TRUE,2.04747841955145,-5.53104194090839,20.9331889817053,55.9952038369305,"Monitor","2026-09-03"
"MRC","UK",280,TRUE,TRUE,0.502512562814062,0.716848947861237,4.75409447689996,55.7553956834532,"Monitor","2026-09-03"
"BLK","US",1107.07995605469,TRUE,TRUE,1.91698346768618,-2.14912585642058,11.0897817620398,55.3956834532374,"Monitor","2026-09-03"
"SOI","UK",455,TRUE,TRUE,2.63003563856183,2.67276489058146,1.32745312086957,55.1558752997602,"Monitor","2026-09-03"
"AAF","UK",341.600006103516,TRUE,TRUE,2.08716991521026,4.06268713977047,0.175800249833191,55.0359712230216,"Monitor","2026-09-03"
"BGFD","UK",1050,TRUE,TRUE,2.26343059721844,-0.190295014608655,6.18754037180871,54.7961630695444,"Monitor","2026-09-03"
"BUT","UK",1556,TRUE,TRUE,1.72860168937473,0.3863494825044,5.00763379801761,54.7961630695444,"Monitor","2026-09-03"
"BG","US",122.860000610352,TRUE,TRUE,8.46975166825015,14.0743188325193,-6.72767338197158,54.7961630695444,"Monitor","2026-09-03"
"SYY","US",81.7600021362305,TRUE,TRUE,-1.62008943701175,-1.25191396256863,8.31051765428459,54.5563549160671,"Monitor","2026-09-03"
"GCP","UK",82.9000015258789,TRUE,TRUE,1.08277027352939,-0.12055272490894,5.83654720212801,54.5563549160671,"Monitor","2026-09-03"
"SMT","UK",1465,TRUE,TRUE,3.37503616362186,8.50895512842067,-3.02544083578029,54.4364508393285,"Monitor","2026-09-03"
"CKN","UK",5070,TRUE,TRUE,6.789000101102,-1.66262998658322,8.9488892125587,54.1966426858513,"Monitor","2026-09-03"
"JEMI","UK",210,TRUE,TRUE,2.92099588316017,3.88398333162634,0,53.8369304556355,"Monitor","2026-09-03"
"UNP","US",289.730010986328,TRUE,TRUE,-0.967454720638108,-2.25917160943316,10.010891019868,53.8369304556355,"Monitor","2026-09-03"
"KMI","US",31.9699993133545,TRUE,TRUE,-0.138066773852462,1.8627221033269,1.89458926386177,53.8369304556355,"Monitor","2026-09-03"
"HSBA","UK",1545.19995117188,TRUE,TRUE,2.66263425216898,-3.3224002574662,12.2534762468303,53.5971223021583,"Monitor","2026-09-03"
"HAL","US",37.6300010681152,TRUE,TRUE,10.7572621104465,15.087852193843,-8.65018437125986,53.4772182254197,"Monitor","2026-09-03"
"MTD","US",1367.73999023438,TRUE,TRUE,0.903016184934112,-4.93978715794343,15.673739818267,53.2374100719424,"Monitor","2026-09-03"
"JCH","UK",960,TRUE,TRUE,0.192034733238711,-1.03627870355467,7.12275092883683,53.1175059952038,"Monitor","2026-09-03"
"INVP","UK",661.5,TRUE,TRUE,3.74192334232483,0.454546237167452,3.61717002102209,52.757793764988,"Monitor","2026-09-03"
"BBY","UK",860.5,TRUE,TRUE,-1.61441540326085,-0.579375896466949,5.98622744758632,52.757793764988,"Monitor","2026-09-03"
"3IN","UK",386,TRUE,TRUE,0.184276778530452,0.389358051913202,3.82885053070172,52.6378896882494,"Monitor","2026-09-03"
"IHG","UK",160.800003051758,TRUE,TRUE,-0.498741819808179,2.29606513186713,0.717749479327079,52.5179856115108,"Monitor","2026-09-03"
"SAGA","UK",636,TRUE,TRUE,-3.5428294103373,-6.5422564218574,18.2321556793955,52.158273381295,"Monitor","2026-09-03"
"LYV","US",179.589996337891,TRUE,TRUE,-1.04209340349859,-2.26275209692082,8.92867972744256,52.158273381295,"Monitor","2026-09-03"
"IPO","UK",67.5,TRUE,TRUE,0.572143202356828,3.46681757519791,-0.738010729762273,51.9184652278177,"Monitor","2026-09-03"
"HBR","UK",261.399993896484,TRUE,TRUE,9.71944461502268,8.62465225211118,-6.22885455271707,51.6786570743405,"Monitor","2026-09-03"
"MGAM","UK",234.5,TRUE,TRUE,2.70222922962378,0.85653628589224,2.37335843320938,51.6786570743405,"Monitor","2026-09-03"
"WST","US",342.630004882812,TRUE,TRUE,-2.16284979317036,-1.77328725789998,7.99284243333052,51.6786570743405,"Monitor","2026-09-03"
"RIO","UK",7577,TRUE,TRUE,5.86690139861116,6.6573056076356,-3.50139501960989,51.5587529976019,"Monitor","2026-09-03"
"INCH","UK",843.5,TRUE,TRUE,3.94971963768562,0.415801014866357,2.76459914558771,51.0791366906475,"Monitor","2026-09-03"
"SNR","UK",294,TRUE,TRUE,1.06913266183094,0.511510066677001,2.409755157906,50.9592326139089,"Monitor","2026-09-03"
"FANG","US",203.419998168945,TRUE,TRUE,4.62129576683601,5.84547642746385,-3.46402996058277,50.9592326139089,"Monitor","2026-09-03"
"SSPG","UK",193.899993896484,TRUE,TRUE,-2.10630807068267,-6.15040260119111,15.9580507482046,50.8393285371703,"Monitor","2026-09-03"
"IBKR","US",89.120002746582,TRUE,TRUE,-3.1177950199853,0.551343723688991,2.23530175232121,50.7194244604317,"Monitor","2026-09-03"
"PFG","US",111.309997558594,TRUE,TRUE,-0.418332548565426,-3.47846023050193,9.53191177031183,50.3597122302158,"Monitor","2026-09-03"
"MYI","UK",370,TRUE,TRUE,1.4588132060985,0,3.15743455985951,50.1199040767386,"Monitor","2026-09-03"
"NWG","UK",686.599975585938,TRUE,TRUE,0.629038139864751,-5.13806963638626,13.2491534315869,49.8800959232614,"Monitor","2026-09-03"
"VTRS","US",17.0900001525879,TRUE,TRUE,2.16525847152528,-3.50711766277172,9.37899603380901,49.7601918465228,"Monitor","2026-09-03"
"CB","US",339.420013427734,TRUE,TRUE,-2.31241307337298,-2.58258241805516,8.18341687969202,49.6402877697842,"Monitor","2026-09-03"
"TEM","UK",322.5,TRUE,TRUE,1.89251524438407,4.92553886486302,-3.95188201759096,49.5203836930456,"Monitor","2026-09-03"
"EWI","UK",258,TRUE,TRUE,-1.01289134438305,8.27919614469215,-8.36141400411341,49.400479616307,"Monitor","2026-09-03"
"TMPL","UK",417,TRUE,TRUE,1.57601149733272,-1.19190922372105,5.29354345910926,49.400479616307,"Monitor","2026-09-03"
"FCIT","UK",341.600006103516,TRUE,TRUE,0.25592461958276,1.95099479567826,-0.321498471888049,49.2805755395683,"Monitor","2026-09-03"
"AGT","UK",263.5,TRUE,TRUE,2.17138425746414,1.33717369658894,0.189933580365231,49.2805755395683,"Monitor","2026-09-03"
"USA","UK",336,TRUE,TRUE,3.32103321033211,6.77181740549511,-7.17667983696764,49.1606714628297,"Monitor","2026-09-03"
"PH","US",949.380004882812,TRUE,TRUE,-4.2670524912441,-4.45690141358162,10.9679065977055,48.9208633093525,"Monitor","2026-09-03"
"HIG","US",137.210006713867,TRUE,TRUE,-1.13997299552681,-3.46664819194764,8.57070254183405,48.9208633093525,"Monitor","2026-09-03"
"INF","UK",878.599975585938,TRUE,TRUE,-2.00758679654987,-2.00570654082313,6.8537647797263,48.6810551558753,"Monitor","2026-09-03"
"ED","US",107.669998168945,TRUE,TRUE,-1.98024271775251,-0.684939263192774,3.96925870632145,48.5611510791367,"Monitor","2026-09-03"
"GL","US",173.339996337891,TRUE,TRUE,-2.90718503599742,-5.91371358414996,13.6651519017608,48.5611510791367,"Monitor","2026-09-03"
"MO","US",69.5599975585938,TRUE,TRUE,-0.581137751603447,2.1653071411639,-1.0582187838879,48.4412470023981,"Monitor","2026-09-03"
"FEV","UK",430,TRUE,TRUE,-0.396099233281596,-0.34823018358745,2.95006643966973,48.3213429256595,"Monitor","2026-09-03"
"CFG","US",69.7799987792969,TRUE,TRUE,-2.34331481695969,-5.43839778239272,12.5822577351787,48.2014388489209,"Monitor","2026-09-03"
"PNC","US",242.460006713867,TRUE,TRUE,-2.76162174066655,-4.70485178656981,10.5103927883867,47.841726618705,"Monitor","2026-09-03"
"NSC","US",330.059997558594,TRUE,TRUE,-1.2787756888153,-3.33994719293447,7.86021294044472,47.7218225419664,"Monitor","2026-09-03"
"CTY","UK",585,TRUE,TRUE,0.243325679426978,-1.52674721307884,5.08435529812745,47.6019184652278,"Monitor","2026-09-03"
"CRWD","US",203.419998168945,TRUE,TRUE,2.21568598633859,-3.76274519015256,8.46857272807595,47.6019184652278,"Monitor","2026-09-03"
"IAD","UK",498,TRUE,TRUE,1.82383250184019,1.82375875497804,-0.999009307508647,47.4820143884892,"Monitor","2026-09-03"
"ALW","UK",1359,TRUE,TRUE,0.398936170212773,-0.440529346791685,2.91173985707269,47.4820143884892,"Monitor","2026-09-03"
"BEZ","UK",1298,TRUE,TRUE,0.546109454277854,0.385951849217747,1.16235326483984,47.3621103117506,"Monitor","2026-09-03"
"BT.A","UK",203.899993896484,TRUE,TRUE,3.21374592100597,0.393114900842662,1.13440811739531,47.242206235012,"Monitor","2026-09-03"
"JMGI","UK",166.399993896484,TRUE,TRUE,0.122743846498181,2.67981564749427,-2.84379541746267,47.242206235012,"Monitor","2026-09-03"
"SNDK","US",1553.40002441406,TRUE,TRUE,-1.01571144044649,8.4437374077976,-16.4689210516789,47.242206235012,"Monitor","2026-09-03"
"PNL","UK",549,TRUE,TRUE,0.952521054760757,0.182315456151461,1.2832440069884,47.1223021582734,"Monitor","2026-09-03"
"ANET","US",186.100006103516,TRUE,TRUE,2.38168341186517,-2.34204613481781,6.51047461183651,47.1223021582734,"Monitor","2026-09-03"
"MU","US",956.080017089844,TRUE,TRUE,1.27687292425652,6.86246568721893,-12.1476433502404,47.0023980815348,"Monitor","2026-09-03"
"HILS","UK",2880,TRUE,TRUE,-1.42050316618176,-1.03627870355458,3.71395469494571,46.7625899280576,"Monitor","2026-09-03"
"RTX","US",200.779998779297,TRUE,TRUE,-3.0299404515198,-8.19641015160171,15.1522707953341,46.2829736211031,"Monitor","2026-09-03"
"SDP","UK",833,TRUE,TRUE,0.893873694920181,2.92347251083518,-3.8851266395592,46.1630695443645,"Monitor","2026-09-03"
"HMSO","UK",367,TRUE,TRUE,-1.65392905149672,-4.94387305104391,9.30239850961643,45.8033573141487,"Monitor","2026-09-03"
"BRGE","UK",593,TRUE,TRUE,-1.78541852992812,-0.50462680676242,2.0443642145815,45.5635491606715,"Monitor","2026-09-03"
"XPP","UK",1780,TRUE,TRUE,-0.26446725536779,2.73365541637505,-4.50378145508816,45.5635491606715,"Monitor","2026-09-03"
"CINF","US",171.690002441406,TRUE,TRUE,-3.29241573619844,-4.40388766167557,8.29689049769158,45.4436450839329,"Monitor","2026-09-03"
"MNG","UK",343.100006103516,TRUE,TRUE,-1.87330012769465,-5.11329775322515,9.08608086583333,45.3237410071942,"Monitor","2026-09-03"
"SBRY","UK",334,TRUE,TRUE,-1.99703067401911,-6.65947888029379,12.3487858898653,45.3237410071942,"Monitor","2026-09-03"
"ANTO","UK",3849,TRUE,TRUE,1.85988906296313,4.51723981789716,-8.96492733926824,45.2038369304556,"Monitor","2026-09-03"
"CGT","UK",521,TRUE,TRUE,-0.0264806036312743,-0.19175461292722,1.15831410896305,45.2038369304556,"Monitor","2026-09-03"
"TFC","US",50.810001373291,TRUE,TRUE,-1.29073563728834,-3.57629385369509,6.90491706099015,45.2038369304556,"Monitor","2026-09-03"
"BHMG","UK",423.5,TRUE,TRUE,0.104004160166406,1.66670524852117,-2.67925169965748,45.083932853717,"Monitor","2026-09-03"
"MNKS","UK",1616,TRUE,TRUE,0.0272351382802282,0.620734457433336,-0.370599559431817,45.083932853717,"Monitor","2026-09-03"
"BNKR","UK",150,TRUE,TRUE,0.120144173007614,0.400806225105743,0,44.9640287769784,"Monitor","2026-09-03"
"LLOY","UK",110.449996948242,TRUE,TRUE,-1.99123528567537,-5.41863585940465,9.44051747367753,44.9640287769784,"Monitor","2026-09-03"
"MTRO","UK",174.800003051758,TRUE,TRUE,1.06383101670376,-2.7089709172035,5.89098446866849,44.9640287769784,"Monitor","2026-09-03"
"MUT","UK",988,TRUE,TRUE,-0.956352627463557,-2.59754864032606,5.51361684591809,44.7242206235012,"Monitor","2026-09-03"
"NAS","UK",413,TRUE,TRUE,-1.87226762972819,-3.09917533083377,5.7300853837341,44.3645083932854,"Monitor","2026-09-03"
"FSG","UK",464.5,TRUE,TRUE,-1.88623450140464,-3.49057118518683,6.33193149048585,44.2446043165468,"Monitor","2026-09-03"
"DSCV","UK",775,TRUE,TRUE,4.65618754388808,0.129115576361993,0.129115576361993,44.1247002398082,"Monitor","2026-09-03"
"FDX","US",316.540008544922,TRUE,TRUE,-0.905105951411348,1.01607916218915,-2.47125927465293,44.0047961630695,"Monitor","2026-09-03"
"RCP","UK",2495,TRUE,TRUE,-0.0800961153384061,-4.12227158239542,7.27215435252635,43.7649880095923,"Monitor","2026-09-03"
"FITB","US",54.4000015258789,TRUE,TRUE,-3.94292763987863,-6.01054358059327,9.45935190320752,43.6450839328537,"Monitor","2026-09-03"
"GRMN","US",276.040008544922,TRUE,TRUE,1.88519692228654,-10.7473837653576,14.8527262398801,43.4052757793765,"Monitor","2026-09-03"
"PHI","UK",1090,TRUE,TRUE,-0.616360917611874,2.97973628049446,-7.76403889883426,43.4052757793765,"Monitor","2026-09-03"
"BPCR","UK",0.96399998664856,TRUE,TRUE,-0.326731024185605,-0.414080109746935,0.833339863368834,43.2853717026379,"Monitor","2026-09-03"
"HFEL","UK",262,TRUE,TRUE,0.626032184967544,1.53849188394792,-3.56176356128932,43.0455635491607,"Monitor","2026-09-03"
"GSCT","UK",190.399993896484,TRUE,TRUE,-1.87185939602795,-0.732608805949919,1.16218793652099,42.8057553956834,"Monitor","2026-09-03"
"C","US",134.339996337891,TRUE,TRUE,-0.886227777937329,-1.86576619696446,3.33780850545651,42.6858513189448,"Monitor","2026-09-03"
"AJB","UK",594.5,TRUE,TRUE,-1.8345139611301,1.18444701125222,-3.39015516756813,42.5659472422062,"Monitor","2026-09-03"
"LWDB","UK",1234,TRUE,TRUE,-0.200569358178055,-1.60775167275329,2.46115785965673,42.5659472422062,"Monitor","2026-09-03"
"APN","UK",306,TRUE,TRUE,-5.74464808255043,-5.87004341917643,8.52304326186353,42.4460431654676,"Monitor","2026-09-03"
"LITE","US",870.580017089844,TRUE,TRUE,6.70105826695928,2.45470847133289,-7.45902731840236,42.4460431654676,"Monitor","2026-09-03"
"FRAS","UK",790,TRUE,TRUE,1.0527392967241,-4.63761617901506,6.87668572470921,42.326139088729,"Monitor","2026-09-03"
"MMM","US",168.75,TRUE,TRUE,-1.63183265195226,-7.25617870877135,10.6843135865433,42.2062350119904,"Monitor","2026-09-03"
"ABDN","UK",243.199996948242,TRUE,TRUE,-1.50656194361724,-0.819005407239626,0.9087204053011,41.9664268585132,"Monitor","2026-09-03"
"CORD","UK",123.5,TRUE,TRUE,-0.427315971942273,-0.404040953700502,0,41.8465227817746,"Monitor","2026-09-03"
"UU","UK",1362,TRUE,TRUE,-1.18691778635479,-2.53728725475044,3.81640029457575,41.726618705036,"Monitor","2026-09-03"
"EMG","UK",300.200012207031,TRUE,TRUE,-1.11858771247285,-1.32364600911439,1.81518409550154,41.6067146282974,"Monitor","2026-09-03"
"MTB","US",235.479995727539,TRUE,TRUE,-3.75159664845023,-7.20006390971442,9.55097796073829,41.4868105515588,"Monitor","2026-09-03"
"RF","US",29.9300003051758,TRUE,TRUE,-3.01235182226143,-6.53108726417875,8.83183325891537,41.4868105515587,"Monitor","2026-09-03"
"SSE","UK",2359,TRUE,TRUE,-2.27965934484455,0.12725346361977,-1.2218395104818,41.2470023980815,"Monitor","2026-09-03"
"SAIN","UK",555,TRUE,TRUE,0.543478260869565,-1.25337361472564,1.26928267984185,41.0071942446043,"Monitor","2026-09-03"
"GD","US",364.070007324219,TRUE,TRUE,-3.48157582618535,-5.78692627902413,7.71445339343027,40.8872901678657,"Monitor","2026-09-03"
"QCOM","US",169.960006713867,TRUE,TRUE,-0.381799298316102,4.38395572271322,-38.5937740341249,40.0479616306954,"Monitor","2026-09-03"
"JGGI","UK",611.5,TRUE,TRUE,-0.583654424555761,-1.86315636602261,1.89852999110807,39.8081534772182,"Monitor","2026-09-03"
"ES","US",70.4400024414062,TRUE,TRUE,-3.24175509098229,-3.15800242746835,3.26100471015902,39.8081534772182,"Monitor","2026-09-03"
"CCH","UK",4580,TRUE,TRUE,-5.08637554295566,-6.42655581223632,7.80795703869348,39.6882494004796,"Monitor","2026-09-03"
"SDR","UK",584,TRUE,TRUE,-0.332792900418132,-0.767594387210391,-0.256520020954465,39.4484412470024,"Monitor","2026-09-03"
"JFJ","UK",798,TRUE,TRUE,-1.92945803121544,-1.24534610712859,0.250941160542606,39.3285371702638,"Monitor","2026-09-03"
"LIN","US",487.450012207031,TRUE,TRUE,-3.10639696464318,0.578136861358658,-4.04469007508697,39.3285371702638,"Monitor","2026-09-03"
"SVT","UK",2986,TRUE,TRUE,-1.64949540196569,-1.66061604163854,1.14517923787716,39.0887290167866,"Monitor","2026-09-03"
"APH","US",80.0400009155273,TRUE,TRUE,-0.564262720558304,-6.79178303183283,8.10323304488483,38.968824940048,"Monitor","2026-09-03"
"ATT","UK",693,TRUE,TRUE,-1.7467248908297,1.01523714640184,-7.36956010138572,38.7290167865707,"Monitor","2026-09-03"
"GWW","US",1284.84997558594,TRUE,TRUE,-4.18981871999116,-1.20683598545943,0.0490453672817637,38.7290167865707,"Monitor","2026-09-03"
"CWK","UK",5260,TRUE,TRUE,-3.02002286219994,0,-2.8118066108771,38.7290167865707,"Monitor","2026-09-03"
"BEN","US",33.0099983215332,TRUE,TRUE,-1.91301413470137,-8.0299071050467,8.33551883265895,38.6091127098321,"Monitor","2026-09-03"
"THRL","UK",109,TRUE,TRUE,-2.54631261384687,-3.95735225202305,4.12043451860731,38.4892086330935,"Monitor","2026-09-03"
"TSCO","UK",466.899993896484,TRUE,TRUE,-0.42440800854716,-4.02992877030348,4.08755003019596,38.1294964028777,"Monitor","2026-09-03"
"SW","US",45.3600006103516,TRUE,TRUE,-2.97782665952406,-6.73454206351662,7.41080109683057,37.8896882494005,"Monitor","2026-09-03"
"SEQI","UK",84.0999984741211,TRUE,TRUE,-0.741197548725476,-3.39015698193066,2.65075393452534,37.8896882494005,"Monitor","2026-09-03"
"FAST","US",47.9300003051758,TRUE,TRUE,-1.31240214310343,-3.64644821505595,3.11499119021024,37.8896882494005,"Monitor","2026-09-03"
"GM","US",84.870002746582,TRUE,TRUE,2.29417966411703,-3.97326174910368,3.80667418310701,37.6498800959233,"Monitor","2026-09-03"
"CSX","US",48.6500015258789,TRUE,TRUE,-2.78166014603873,-4.77618311581649,4.64907127380374,37.5299760191847,"Monitor","2026-09-03"
"LGEN","UK",287.399993896484,TRUE,TRUE,-2.71698107531894,-5.54945975726113,5.43378173447362,37.1702637889688,"Monitor","2026-09-03"
"JEDT","UK",627,TRUE,TRUE,-0.548805633981543,-0.318471606752002,-3.139975386798,37.1702637889688,"Monitor","2026-09-03"
"ATR","UK",690,TRUE,TRUE,0.0318942271448907,-0.72202479734873,-2.57524961024149,36.5707434052758,"Monitor","2026-09-03"
"TROW","US",109.379997253418,TRUE,TRUE,-4.29843627331442,-5.69501807228061,5.03409639044232,36.5707434052758,"Monitor","2026-09-03"
"NUE","US",263.970001220703,TRUE,TRUE,6.49087279780565,-3.74386473660113,2.39228970046295,36.3309352517986,"Monitor","2026-09-03"
"WAB","US",279.809997558594,TRUE,TRUE,-1.21440588782962,-6.65668915110498,6.27936171133197,36.3309352517986,"Monitor","2026-09-03"
"JEGI","UK",144.600006103516,TRUE,TRUE,-1.93152438558212,-2.18886772276736,0.55478854251314,36.21103117506,"Monitor","2026-09-03"
"EMR","US",148.979995727539,TRUE,TRUE,-0.0826308626598574,-6.40853431376698,5.59035412227225,35.7314148681055,"Monitor","2026-09-03"
"MS","US",211.820007324219,TRUE,TRUE,-1.80161378200201,-2.43447454238153,0.796291963695239,35.7314148681055,"Monitor","2026-09-03"
"PINT","UK",112.599998474121,TRUE,TRUE,-1.91296002103426,-0.884179070075053,-2.62942408843649,35.6115107913669,"Monitor","2026-09-03"
"ESCT","UK",234.5,TRUE,TRUE,-0.21701204204076,-0.637621713927672,-3.35461224912041,35.4916067146283,"Monitor","2026-09-03"
"HLT","US",311.510009765625,TRUE,TRUE,-4.46400669406732,-0.179607329865217,-6.18040893240606,35.3717026378897,"Monitor","2026-09-03"
"JAM","UK",1202,TRUE,TRUE,-1.43986355734855,-1.48640226321497,-0.99338565242908,35.3717026378897,"Monitor","2026-09-03"
"CVS","US",97.2300033569336,TRUE,TRUE,-3.77630436330546,-7.13418700996646,6.21621132767354,35.1318944844125,"Monitor","2026-09-03"
"BP","UK",542.5,TRUE,TRUE,5.28358606029788,-1.75410596550201,-0.404712138557262,35.0119904076739,"Monitor","2026-09-03"
"HVPE","UK",3330,TRUE,TRUE,-1.13413692773588,-1.04556591043394,-2.66682470821618,35.0119904076739,"Monitor","2026-09-03"
"IEX","US",224.610000610352,TRUE,TRUE,-1.84150491971074,-5.74428117633996,4.21474102466899,34.652278177458,"Monitor","2026-09-03"
"KEY","US",21.7999992370605,TRUE,TRUE,-4.21456282268209,-5.79226992437687,4.31182119765534,34.5323741007194,"Monitor","2026-09-03"
"PPET","UK",598,TRUE,TRUE,-2.1020234431275,-1.65841280155359,-1.32892321186828,34.1726618705036,"Monitor","2026-09-03"
"KIM","US",24.0799999237061,TRUE,TRUE,-3.60211079304559,-3.78941367688732,1.2957316642122,33.9328537170264,"Monitor","2026-09-03"
"HICL","UK",133.600006103516,TRUE,TRUE,-1.89742835913713,-3.2403378369664,0.450117856578736,33.8129496402878,"Monitor","2026-09-03"
"L","US",108.940002441406,TRUE,TRUE,-4.29184161978768,-6.26204970262805,4.19930801223165,33.3333333333333,"Monitor","2026-09-03"
"BARC","UK",483.450012207031,TRUE,TRUE,-5.49735619057349,-6.32189784843478,4.12789235786546,33.0935251798561,"Monitor","2026-09-03"
"HTWS","UK",195.800003051758,TRUE,TRUE,-2.52110696480298,0.153336625708622,-13.9895137031706,32.7338129496403,"Monitor","2026-09-03"
"PIN","UK",391,TRUE,TRUE,-0.392316706577679,-1.52287207018249,-2.77445286336553,32.7338129496403,"Monitor","2026-09-03"
"PCAR","US",122.129997253418,TRUE,TRUE,-4.28053452540992,-10.7274745515115,6.55598142196059,32.6139088729017,"Monitor","2026-09-03"
"ETR","US",106.75,TRUE,TRUE,-3.49375223957146,-1.95730065040767,-1.77341227171031,32.6139088729017,"Monitor","2026-09-03"
"ASML","US",1682.30004882812,TRUE,TRUE,-4.25752365068567,-1.74360981081101,-2.58532033990715,32.4940047961631,"Monitor","2026-09-03"
"WSM","US",221.720001220703,TRUE,TRUE,-4.95851449121085,-11.5555542151315,6.81652740221592,32.1342925659472,"Monitor","2026-09-03"
"PCT","UK",633,TRUE,TRUE,-3.93516762023279,-0.236686501026639,-11.4794547891186,32.0143884892086,"Monitor","2026-09-03"
"AEE","US",105.889999389648,TRUE,TRUE,-4.17506789259876,-3.29756625040636,-0.320577271419165,31.89448441247,"Monitor","2026-09-03"
"SMIN","UK",2538,TRUE,TRUE,-2.35306791424921,-4.24282687825661,0.91035657404932,31.6546762589928,"Monitor","2026-09-03"
"HPE","US",51.8300018310547,TRUE,TRUE,4.10264752848581,-1.07465542402738,-6.20876058376063,31.294964028777,"Monitor","2026-09-03"
"IAG","UK",419.399993896484,TRUE,TRUE,-6.33626180686851,-3.30666923057477,-0.452003609544427,31.1750599520384,"Monitor","2026-09-03"
"CHG","UK",533,TRUE,TRUE,-6.81622689396461,-12.5880245889003,6.39133257436528,30.8153477218225,"Monitor","2026-09-03"
"LAND","UK",656,TRUE,TRUE,-4.34250051036775,-8.33206314702073,4.52142483111677,30.6954436450839,"Monitor","2026-09-03"
"EBAY","US",106.699996948242,TRUE,TRUE,-2.5508506779441,-2.69074870896091,-1.96740085469544,30.5755395683453,"Monitor","2026-09-03"
"D","US",66.0500030517578,TRUE,TRUE,-4.11722135978027,-4.68777786702343,0.897282208510841,30.4556354916067,"Monitor","2026-09-03"
"EVRG","US",80.7699966430664,TRUE,TRUE,-4.25829851351444,-3.73046090004259,-0.370740734270125,30.0959232613909,"Monitor","2026-09-03"
"F","US",14.1400003433228,TRUE,TRUE,0.340621444395974,-0.70472051619892,-10.5289769947049,30.0959232613909,"Monitor","2026-09-03"
"PLD","US",136.589996337891,TRUE,TRUE,-3.93663762668926,-1.78498914233343,-3.75749883164822,29.8561151079137,"Monitor","2026-09-03"
"SPG","US",210.199996948242,TRUE,TRUE,-5.78317507328264,-7.20329525307983,3.21477539828408,29.6163069544365,"Monitor","2026-09-03"
"BLND","UK",413,TRUE,TRUE,-3.88016922303586,-7.41771225314736,3.49875854827566,29.4964028776978,"Monitor","2026-09-03"
"AFL","US",117.23999786377,TRUE,TRUE,-3.51443351242086,-6.52899324484952,2.36482746273934,29.3764988009592,"Monitor","2026-09-03"
"PKG","US",233.539993286133,TRUE,TRUE,-3.67085482307141,-8.97907720708035,3.99677332436514,29.2565947242206,"Monitor","2026-09-03"
"DPLM","UK",7135,TRUE,TRUE,-1.48701451116296,-4.72205410575874,0.0701016502594243,28.4172661870504,"Monitor","2026-09-03"
"CURY","UK",152.5,TRUE,TRUE,-4.1989142433699,-7.45294475700575,2.99523222833518,28.4172661870504,"Monitor","2026-09-03"
"INPP","UK",137,TRUE,TRUE,-2.69886384725817,-4.98323737478756,0.146089833150409,28.2973621103118,"Monitor","2026-09-03"
"OXIG","UK",2690,TRUE,TRUE,-6.65685811842434,-0.666916143628082,-17.9218854956444,28.2973621103118,"Monitor","2026-09-03"
"AEP","US",123.569999694824,TRUE,TRUE,-4.75243516962343,-3.79531602243945,-2.19313888107582,27.3381294964029,"Monitor","2026-09-03"
"DLR","US",183.759994506836,TRUE,TRUE,-1.70003208183696,-5.36604563072878,0.141586099307389,27.3381294964029,"Monitor","2026-09-03"
"FRT","US",117.940002441406,TRUE,TRUE,-2.68575234835904,-4.05438251437467,-1.24706345131811,27.3381294964029,"Monitor","2026-09-03"
"REG","US",75.8099975585938,TRUE,TRUE,-3.93656401389027,-4.66459566231778,-0.657378144433896,27.0983213429257,"Monitor","2026-09-03"
"NTAP","US",180.770004272461,TRUE,TRUE,1.85246985896488,-5.22167053951463,-0.171340405806042,26.7386091127098,"Monitor","2026-09-03"
"PNW","US",97.379997253418,TRUE,TRUE,-5.68925217843254,-4.0945213640657,-2.04306762891697,26.6187050359712,"Monitor","2026-09-03"
"HRI","UK",2910,TRUE,TRUE,-3.38324645572562,-1.70361871525682,-9.4997728622281,26.378896882494,"Monitor","2026-09-03"
"GE","US",329.5,TRUE,TRUE,-8.10141154869894,-13.5411260170908,4.61471792628254,26.378896882494,"Monitor","2026-09-03"
"MAS","US",70.9400024414062,TRUE,TRUE,-7.09065377769757,-8.30093835408539,1.96448293723268,26.1390887290168,"Monitor","2026-09-03"
"AME","US",233.190002441406,TRUE,TRUE,-3.41875722813026,-8.56775276723312,2.14997086840327,26.0191846522782,"Monitor","2026-09-03"
"EQIX","US",1019.23999023438,TRUE,TRUE,-2.72545174827478,-3.11890323331072,-5.51221562220752,25.779376498801,"Monitor","2026-09-03"
"AMZN","US",254.979995727539,TRUE,TRUE,0.851648803431694,-8.43475577834161,1.96441622030195,25.6594724220624,"Monitor","2026-09-03"
"JSG","UK",146,TRUE,TRUE,-3.79800192911215,-3.89572633569992,-3.03564624805936,25.4196642685851,"Monitor","2026-09-03"
"IGG","UK",1356,TRUE,TRUE,-14.7287796657066,-1.10012110619735,-30.6855489169482,24.5803357314149,"Monitor","2026-09-03"
"SNA","US",380.589996337891,TRUE,TRUE,-5.60483010273027,-9.45718196809153,0.844349627775909,22.7817745803357,"Monitor","2026-09-03"
"GS","US",1004.41998291016,TRUE,TRUE,-3.88441413851916,-4.72139775966793,-3.57907770318864,22.3021582733813,"Monitor","2026-09-03"
"UAL","US",108.349998474121,TRUE,TRUE,-11.5533318197259,-20.2121145223152,3.00739243133288,22.1822541966427,"Monitor","2026-09-03"
"QLT","UK",185.800003051758,TRUE,TRUE,-5.77806483882684,-5.29334509895127,-3.33452587424068,21.8225419664269,"Monitor","2026-09-03"
"HWM","US",252.960006713867,TRUE,TRUE,-8.32723096240569,-13.042332591915,1.72655327832443,20.9832134292566,"Monitor","2026-09-03"
"MAR","US",333.140014648438,TRUE,TRUE,-8.41788567987589,-3.55611285516959,-12.3018971486829,20.7434052757794,"Monitor","2026-09-03"
"ROST","US",230.850006103516,TRUE,TRUE,-1.40522430224047,-8.39237692733565,-0.763802452807028,19.7841726618705,"Monitor","2026-09-03"
"ROK","US",425.359985351562,TRUE,TRUE,-6.58827943393121,-4.56551924931192,-8.20444936954674,19.4244604316547,"Monitor","2026-09-03"
"RSW","UK",4858,TRUE,TRUE,-3.03470630973006,-4.27139870231112,-10.3918554340925,19.1846522781775,"Monitor","2026-09-03"
"JBHT","US",260.220001220703,TRUE,TRUE,-5.86970471007105,-5.33510068097902,-7.34406833007109,18.4652278177458,"Monitor","2026-09-03"
"GAW","UK",18090,TRUE,TRUE,-8.47359875278202,-6.11122601934841,-5.43290356453809,18.10551558753,"Monitor","2026-09-03"
"WOSG","UK",682,TRUE,TRUE,-6.29036247217565,-6.25203569813335,-5.00461827561578,18.10551558753,"Monitor","2026-09-03"
"STX","US",808.539978027344,TRUE,TRUE,-6.0861768554626,-4.452058894974,-15.1383526182292,17.6258992805755,"Monitor","2026-09-03"
"ZIG","UK",433,TRUE,TRUE,-5.82042804941709,-6.69893260837444,-6.15751276928718,16.0671462829736,"Monitor","2026-09-03"
"KEYS","US",321.579986572266,TRUE,TRUE,-1.76216339886088,-5.93397088616765,-8.60573702913996,15.7074340527578,"Monitor","2026-09-03"
"NXPI","US",228.5,TRUE,TRUE,-9.70906171486628,-3.90524028424268,-34.264261011334,15.7074340527578,"Monitor","2026-09-03"
"TDY","US",606.359985351562,TRUE,TRUE,-6.27567999482407,-12.1594581234132,-1.90470060626966,15.5875299760192,"Monitor","2026-09-03"
"FTV","US",56.5999984741211,TRUE,TRUE,-6.91463337447509,-6.67996546454157,-6.82859096456028,15.4676258992806,"Monitor","2026-09-03"
"TT","US",439.019989013672,TRUE,TRUE,-6.6495275858941,-7.2942365153736,-5.9297274568233,15.1079136690647,"Monitor","2026-09-03"
"CWR","UK",360,TRUE,TRUE,-15.1411717715608,-3.81517659643764,-70.2134451560182,14.9880095923261,"Monitor","2026-09-03"
"DAL","US",78.1399993896484,TRUE,TRUE,-10.257971318787,-17.1621193663704,-0.815706023174645,14.3884892086331,"Monitor","2026-09-03"
"CASY","US",753.590026855469,TRUE,TRUE,-9.00359207524302,-12.1163998033355,-2.69688354828421,14.2685851318945,"Monitor","2026-09-03"
"GEV","US",921.940002441406,TRUE,TRUE,-9.66539339734362,-9.96355709126755,-3.9786232039936,14.0287769784173,"Monitor","2026-09-03"
"VRT","US",256.700012207031,TRUE,TRUE,-9.7875061395291,-5.02545035610726,-25.5538669704424,13.9088729016787,"Monitor","2026-09-03"
"JCI","US",139.25,TRUE,TRUE,-3.69253514950067,-9.82111099781369,-5.38896077844733,13.78896882494,"Monitor","2026-09-03"
"DD","US",132.929992675781,TRUE,TRUE,-4.06654997812075,-7.25323298964327,-7.93655108481088,13.3093525179856,"Monitor","2026-09-03"
"STLD","US",247.639999389648,TRUE,TRUE,2.30884826611364,-6.81310601320675,-10.5267654799897,12.8297362110312,"Monitor","2026-09-03"
"MRVL","US",206.479995727539,TRUE,TRUE,-7.48150754918944,-5.69942775701149,-37.9063849934534,11.3908872901679,"Monitor","2026-09-03"
"GOOGL","US",337.119995117188,TRUE,TRUE,-3.32939056083697,-11.3528889025647,-6.28555701720792,11.1510791366906,"Monitor","2026-09-03"
"ADI","US",355.709991455078,TRUE,TRUE,-6.29643126647896,-6.68183739118122,-20.7349464316025,10.7913669064748,"Monitor","2026-09-03"
"GOOG","US",333.779998779297,TRUE,TRUE,-3.75071768497519,-11.7376850621827,-6.35493399656797,10.6714628297362,"Monitor","2026-09-03"
"HST","US",22.1100006103516,TRUE,TRUE,-6.3572034387188,-12.2045463897643,-7.57542108543068,9.2326139088729,"Monitor","2026-09-03"
"MGM","US",41.439998626709,TRUE,TRUE,-8.29789333892782,-9.82893008141876,-15.3184980050714,8.99280575539568,"Monitor","2026-09-03"
"ETN","US",390.850006103516,TRUE,TRUE,-5.96705485231651,-12.923339963513,-7.48076310994472,8.75299760191847,"Monitor","2026-09-03"
"CAT","US",792.280029296875,TRUE,TRUE,-10.1151809450839,-10.1067412637995,-15.6153690630235,8.51318944844125,"Monitor","2026-09-03"
"CSCO","US",109.459999084473,TRUE,TRUE,-4.56927213202841,-10.632842816656,-14.4683130815839,8.51318944844125,"Monitor","2026-09-03"
"LRCX","US",288.320007324219,TRUE,TRUE,-11.3979263498347,-9.71624077341735,-17.5727253889734,8.51318944844125,"Monitor","2026-09-03"
"EME","US",734.260009765625,TRUE,TRUE,-6.36846279394424,-11.0294791416044,-13.3990893994005,8.39328537170264,"Monitor","2026-09-03"
"IRM","US",111.839996337891,TRUE,TRUE,-9.10893894502007,-11.5316207951437,-13.4570293013305,7.79376498800959,"Monitor","2026-09-03"
"URI","US",979.820007324219,TRUE,TRUE,-10.2777904980198,-16.026137389181,-7.54236255197416,7.55395683453238,"Monitor","2026-09-03"
"NBIS","US",204.089996337891,TRUE,TRUE,-4.92557353852221,-10.0822863780031,-20.9597355127174,7.43405275779376,"Monitor","2026-09-03"
"TXN","US",254.800003051758,TRUE,TRUE,-9.67203827976531,-10.7191653396383,-19.1534587454714,7.07434052757794,"Monitor","2026-09-03"
"MPWR","US",1219.35998535156,TRUE,TRUE,-8.89052756065197,-9.06276665321153,-32.6337327805048,6.71462829736211,"Monitor","2026-09-03"
"PWR","US",610.780029296875,TRUE,TRUE,-6.85009376547443,-12.6293122357563,-15.8482266149835,6.11510791366906,"Monitor","2026-09-03"
"MCHP","US",72.7600021362305,TRUE,TRUE,-9.78301071182881,-10.3200353240918,-28.2894657472701,5.99520383693046,"Monitor","2026-09-03"
"AMD","US",457.059997558594,TRUE,TRUE,-8.88797781245459,-12.6279671984484,-17.1410319132296,5.87529976019185,"Monitor","2026-09-03"
"INTC","US",90.0500030517578,TRUE,TRUE,-11.8434236160234,-11.3368317188495,-22.4453034619572,5.87529976019185,"Monitor","2026-09-03"
"GLW","US",144.130004882812,TRUE,TRUE,-14.2044492276534,-10.3770371007161,-33.1394433452041,5.51558752997602,"Monitor","2026-09-03"
"FIX","US",1560.13000488281,TRUE,TRUE,-9.7399481589485,-12.9515650132853,-17.0438127340023,5.39568345323741,"Monitor","2026-09-03"
"AMAT","US",438.459991455078,TRUE,TRUE,-19.0225241207077,-22.0485285625335,-13.2878323804805,4.79616306954436,"Monitor","2026-09-03"
"KLAC","US",172.259994506836,TRUE,TRUE,-17.4114018600281,-12.6299645152725,-20.9988827725821,4.79616306954436,"Monitor","2026-09-03"
"JBL","US",299.390014648438,TRUE,TRUE,-9.19777354738417,-12.7198497388467,-23.5894642732323,4.19664268585132,"Monitor","2026-09-03"
"CMI","US",550.900024414062,TRUE,TRUE,-13.79668822124,-14.3582354035527,-21.3960088034343,3.83693045563549,"Monitor","2026-09-03"
"ON","US",72.3399963378906,TRUE,TRUE,-15.1490741168464,-11.0352219123438,-61.5940044811737,3.83693045563549,"Monitor","2026-09-03"
"TER","US",341.619995117188,TRUE,TRUE,-9.14414941003349,-16.6626175573701,-18.1652996421472,3.83693045563549,"Monitor","2026-09-03"
"AVGO","US",367.239990234375,TRUE,TRUE,-4.50881735025872,-12.9848584478785,-26.6165113423639,3.59712230215827,"Monitor","2026-09-03"
"ODFL","US",187.610000610352,TRUE,TRUE,-13.1323380510327,-15.6166540622153,-22.9720656349792,3.35731414868106,"Monitor","2026-09-03"
"WDC","US",448.899993896484,TRUE,TRUE,-12.8658809702045,-20.0496526334255,-28.0264330555785,2.03836930455636,"Monitor","2026-09-03"
"AKAM","US",105.089996337891,TRUE,TRUE,-9.70362076277475,-16.0208739574905,-42.2604200550299,1.67865707434053,"Monitor","2026-09-03"
"CIEN","US",354.160003662109,TRUE,TRUE,-13.8159269116754,-14.9160679298972,-56.0567267598819,1.55875299760192,"Monitor","2026-09-03"
"ALAB","US",274.130004882812,TRUE,TRUE,-18.0580460453656,-27.7129766743051,-28.2286891451895,1.55875299760192,"Monitor","2026-09-03"
"FLEX","US",105.949996948242,TRUE,TRUE,-15.1907453671121,-17.8933747674888,-42.4258655423407,1.07913669064748,"Monitor","2026-09-03"
"COHR","US",268.640014648438,TRUE,TRUE,-13.949337760047,-18.653762112309,-44.0744600159617,0.839328537170264,"Monitor","2026-09-03"
