"ticker","market","price","above_cloud","bull_cloud","MA50_diff","RS_1m","RS_3m","Momentum","TrendLabel","updated_at"
"SAGA","UK",555,TRUE,TRUE,26.3574892425381,30.6476199446377,77.9667277755857,99.6919917864476,"Strong trend","2026-02-19"
"TER","US",314.820007324219,TRUE,TRUE,34.7831479850155,32.1997789570251,61.6379112120323,99.3839835728953,"Strong trend","2026-02-19"
"WDC","US",296.559997558594,TRUE,TRUE,34.5283749090431,29.1781840215806,63.0731034597796,99.2813141683778,"Strong trend","2026-02-19"
"GLW","US",132.009994506836,TRUE,TRUE,33.0700306225557,33.7457486495204,47.5426978418379,98.4599589322382,"Strong trend","2026-02-19"
"STX","US",424.140014648438,TRUE,TRUE,24.710529306628,26.2460936195258,49.629044971114,98.4599589322382,"Strong trend","2026-02-19"
"LUV","US",54.7999992370605,TRUE,TRUE,23.1532618652873,23.9703278201737,51.2652103668243,98.3572895277207,"Strong trend","2026-02-19"
"CIEN","US",310.959991455078,TRUE,TRUE,26.4210964695196,24.4875920140593,48.3680410511888,98.1519507186858,"Strong trend","2026-02-19"
"SDR","UK",585.5,TRUE,TRUE,32.2380872429379,26.2774227450455,43.704299453676,97.8439425051335,"Strong trend","2026-02-19"
"GNRC","US",228.350006103516,TRUE,TRUE,38.2265639650638,35.040727472936,41.2209922834259,97.6386036960986,"Strong trend","2026-02-19"
"PAF","UK",160.199996948242,TRUE,TRUE,25.3442645804886,19.5137370361718,54.9214371066205,97.4332648870636,"Strong trend","2026-02-19"
"HOC","UK",715.5,TRUE,TRUE,22.6263110989237,17.106440226932,68.6322132365057,97.1252566735113,"Strong trend","2026-02-19"
"VTRS","US",16.0499992370605,TRUE,TRUE,23.111139638192,22.158710992833,40.3597621488796,96.4065708418891,"Strong trend","2026-02-19"
"SW","US",51.8400001525879,TRUE,TRUE,24.5956177555422,19.3728991569985,41.3308261813087,95.5852156057495,"Strong trend","2026-02-19"
"TPR","US",155,TRUE,TRUE,17.1987233165267,17.0596991629407,42.4253375183427,95.1745379876797,"Strong trend","2026-02-19"
"FDX","US",383.079986572266,TRUE,TRUE,21.8412146552359,21.7559805513716,35.889997847588,94.9691991786448,"Strong trend","2026-02-19"
"MU","US",420.950012207031,TRUE,TRUE,24.7607520430222,14.8800199018143,53.3814242804525,94.35318275154,"Strong trend","2026-02-19"
"GEV","US",817.549987792969,TRUE,TRUE,17.587951233396,18.1942449943199,34.6201995193373,93.429158110883,"Strong trend","2026-02-19"
"ON","US",70.6600036621094,TRUE,TRUE,17.3641138239495,15.805017095487,40.9435708997952,93.2238193018481,"Strong trend","2026-02-19"
"HTG","UK",512,TRUE,TRUE,22.4089702823535,17.8033887001673,34.2545328065934,93.1211498973306,"Strong trend","2026-02-19"
"FIX","US",1319.46997070312,TRUE,TRUE,21.7691876725304,16.3919308048677,37.1980482000705,92.9158110882957,"Strong trend","2026-02-19"
"SNR","UK",260,TRUE,TRUE,17.0538446077706,16.0259041530337,34.7922119585589,92.1971252566735,"Strong trend","2026-02-19"
"BALL","US",66.3099975585938,TRUE,TRUE,17.6476810076436,16.7561403185609,33.1507949381611,92.094455852156,"Strong trend","2026-02-19"
"TRGP","US",227.619995117188,TRUE,TRUE,18.6993423958093,20.5431587875728,27.3808052959928,91.6837782340862,"Strong trend","2026-02-19"
"CCH","UK",4736,TRUE,TRUE,18.6681901096478,18.9101243779334,28.0948040270436,91.3757700205339,"Strong trend","2026-02-19"
"RIO","UK",7389,TRUE,TRUE,15.8782533419483,15.7223017670711,33.4552305257125,91.0677618069815,"Strong trend","2026-02-19"
"ADI","US",346.369995117188,TRUE,TRUE,16.1179170295501,14.2892092799819,38.8390236906624,91.0677618069815,"Strong trend","2026-02-19"
"TXN","US",223.320007324219,TRUE,TRUE,14.3475127160755,15.330026772673,33.7628218644494,90.9650924024641,"Strong trend","2026-02-19"
"AMAT","US",369.299987792969,TRUE,TRUE,23.8269422351608,12.1618507471204,49.1030067027974,90.3490759753593,"Strong trend","2026-02-19"
"APN","UK",258,TRUE,TRUE,6.86504350599138,12.3613955967176,42.6617519357547,89.9383983572895,"Strong trend","2026-02-19"
"CAT","US",751.969970703125,TRUE,TRUE,17.4075462920866,15.0520103341795,30.5477500791614,89.6303901437372,"Strong trend","2026-02-19"
"HTWS","UK",198.600006103516,TRUE,TRUE,16.7919306473849,20.3696447111395,24.7867665424532,89.4250513347023,"Strong trend","2026-02-19"
"DD","US",51.3499984741211,TRUE,TRUE,17.5756711901514,18.0725902373283,25.7061884571476,89.4250513347023,"Strong trend","2026-02-19"
"GSK","UK",2268,TRUE,TRUE,18.5752152704801,23.3614851181505,23.8360149688215,89.3223819301848,"Strong trend","2026-02-19"
"ANTO","UK",4000,TRUE,TRUE,15.754138210441,12.0192185328406,41.6652453748741,88.8090349075975,"Strong trend","2026-02-19"
"PPG","US",128.25,TRUE,TRUE,15.2779975102398,15.1503104520638,27.8961287594348,88.7063655030801,"Strong trend","2026-02-19"
"KLR","UK",1986,TRUE,TRUE,14.2324682495859,16.2578169449215,26.3472632760716,88.7063655030801,"Strong trend","2026-02-19"
"HAS","US",101.169998168945,TRUE,TRUE,14.7137976152344,16.0132109852584,26.381831467919,88.6036960985626,"Strong trend","2026-02-19"
"RSW","UK",4335,TRUE,TRUE,16.9882606935636,15.8388790582327,26.5251936124688,88.3983572895277,"Strong trend","2026-02-19"
"MRNA","US",46.5999984741211,TRUE,TRUE,24.1325995416803,10.7986679159592,63.1967246405581,87.9876796714579,"Strong trend","2026-02-19"
"VSVS","UK",486.799987792969,TRUE,TRUE,12.9539709436078,14.3796324333119,27.5431979755931,87.4743326488706,"Strong trend","2026-02-19"
"CCL","UK",2424,TRUE,TRUE,9.83882149832116,13.6837180759022,29.7632403304949,87.3716632443532,"Strong trend","2026-02-19"
"GDWN","UK",27300,TRUE,TRUE,16.007308885395,12.4674861694304,32.1204764490425,86.9609856262834,"Strong trend","2026-02-19"
"BKR","US",61.5400009155273,TRUE,TRUE,18.9942162336234,17.3262952625365,23.3392537309307,86.4476386036961,"Strong trend","2026-02-19"
"OXIG","UK",2645,TRUE,TRUE,15.265612062579,12.8951026270943,28.8564629402466,86.3449691991786,"Strong trend","2026-02-19"
"TDY","US",662.659973144531,TRUE,TRUE,16.0381073109983,13.0272815661855,27.9196898114758,86.3449691991786,"Strong trend","2026-02-19"
"EDV","UK",4702,TRUE,TRUE,15.249617632064,11.100047468247,39.48874761657,85.8316221765914,"Strong trend","2026-02-19"
"MPWR","US",1188.31994628906,TRUE,TRUE,14.7632250306778,13.9908711392003,25.5715605609241,85.523613963039,"Strong trend","2026-02-19"
"AAL","UK",3661,TRUE,TRUE,12.7641224665804,12.1237506812918,29.6369429908824,85.3182751540041,"Strong trend","2026-02-19"
"GNS","UK",3130,TRUE,TRUE,13.0086290934036,12.3992369577763,27.6035567065457,85.2156057494867,"Strong trend","2026-02-19"
"DVN","US",44.439998626709,TRUE,TRUE,15.192796713085,20.508079396189,21.5075341505087,85.1129363449692,"Strong trend","2026-02-19"
"XOM","US",150.679992675781,TRUE,TRUE,15.7888696482718,14.8470400495865,23.3600823247412,84.1889117043121,"Trend intact","2026-02-19"
"AKAM","US",109.309997558594,TRUE,TRUE,18.5507950623582,15.6333404117647,22.6327645953118,83.7782340862423,"Trend intact","2026-02-19"
"LMT","US",649.809997558594,TRUE,TRUE,18.2403595362486,10.9471014740483,33.2988082245545,83.6755646817248,"Trend intact","2026-02-19"
"CURY","UK",155.899993896484,TRUE,TRUE,14.2744011582927,21.770609654662,19.8748171090931,83.5728952772074,"Trend intact","2026-02-19"
"RCL","US",318.820007324219,TRUE,TRUE,7.08993202002124,14.4189570852131,23.1751199810472,83.5728952772074,"Trend intact","2026-02-19"
"IFF","US",82.9599990844727,TRUE,TRUE,18.0696671204809,14.6146779961353,23.0523689266745,83.4702258726899,"Trend intact","2026-02-19"
"ALGN","US",190.820007324219,TRUE,TRUE,13.5032103427294,10.6805625806532,33.0401197087625,83.1622176591376,"Trend intact","2026-02-19"
"GILD","US",152.740005493164,TRUE,TRUE,16.2581868229227,20.1143658128585,20.0263467771892,82.9568788501027,"Trend intact","2026-02-19"
"ODFL","US",193.809997558594,TRUE,TRUE,12.5215227931674,9.83849411520827,38.1881853392595,82.9568788501027,"Trend intact","2026-02-19"
"RS1","UK",715,TRUE,TRUE,8.57351110031282,12.2602322092332,24.7923580312697,82.8542094455852,"Trend intact","2026-02-19"
"KEYS","US",239.830001831055,TRUE,TRUE,11.5885946022528,11.3020202890463,29.2209415085437,82.8542094455852,"Trend intact","2026-02-19"
"ASHM","UK",244,TRUE,TRUE,17.511077209223,8.91000084587965,41.9497567912631,82.3408624229979,"Trend intact","2026-02-19"
"PLUS","UK",4460,TRUE,TRUE,12.0208971718491,9.49514997430896,38.5926298251848,82.2381930184805,"Trend intact","2026-02-19"
"SLB","US",51.5900001525879,TRUE,TRUE,15.7873941844418,9.89415112978538,33.4032920619428,81.9301848049281,"Trend intact","2026-02-19"
"WAB","US",259.329986572266,TRUE,TRUE,13.8333873927697,12.1762639150008,24.0373579090095,81.9301848049281,"Trend intact","2026-02-19"
"BG","US",121.769996643066,TRUE,TRUE,17.4569765017666,12.176359604552,23.7681616991479,81.7248459958932,"Trend intact","2026-02-19"
"MRK","US",121.660003662109,TRUE,TRUE,11.8200615889334,11.144325046086,26.9491410797241,81.7248459958932,"Trend intact","2026-02-19"
"DE","US",593.27001953125,TRUE,TRUE,15.8732324709582,14.2648419884401,21.9748686391227,81.1088295687885,"Trend intact","2026-02-19"
"VOD","UK",116.099998474121,TRUE,TRUE,12.5859647113537,13.982656103259,22.142235751049,81.0061601642711,"Trend intact","2026-02-19"
"NCLH","US",24.3500003814697,TRUE,TRUE,9.46280140564622,10.1034959257343,28.6177352735764,80.6981519507187,"Trend intact","2026-02-19"
"NEM","US",124.690002441406,TRUE,TRUE,12.7569361937209,8.8580126175513,35.076914118917,80.1848049281314,"Trend intact","2026-02-19"
"CTRA","US",31.4699993133545,TRUE,TRUE,15.3761522472026,20.2154703589244,17.794598714912,79.8767967145791,"Trend intact","2026-02-19"
"DOV","US",232.080001831055,TRUE,TRUE,12.422688051895,11.6249186524064,23.6940498723144,79.8767967145791,"Trend intact","2026-02-19"
"WEIR","UK",3460,TRUE,TRUE,11.5337502417639,11.6338992084151,23.4040862203376,79.4661190965092,"Trend intact","2026-02-19"
"JBHT","US",223.449996948242,TRUE,TRUE,8.30882931839345,8.92066316470927,31.6603799974017,79.2607802874743,"Trend intact","2026-02-19"
"KGF","UK",361,TRUE,TRUE,10.8266253229405,12.9660757540658,21.4524336272852,79.1581108829569,"Trend intact","2026-02-19"
"EME","US",783.059997558594,TRUE,TRUE,15.0682942861342,11.400216163373,23.3715695832155,78.6447638603696,"Trend intact","2026-02-19"
"CCL","US",32.5400009155273,TRUE,TRUE,7.43458056908204,11.7936729997668,22.3604639249214,78.4394250513347,"Trend intact","2026-02-19"
"NDSN","US",299.290008544922,TRUE,TRUE,14.363953152631,9.59050767890552,26.2160479534445,77.9260780287474,"Trend intact","2026-02-19"
"MAB","UK",298,TRUE,TRUE,10.612078245054,12.8748982744308,20.6091776127867,77.82340862423,"Trend intact","2026-02-19"
"LRCX","US",240.089996337891,TRUE,TRUE,18.2562541338764,7.40214245078734,48.2046385616306,77.7207392197125,"Trend intact","2026-02-19"
"IR","US",97.1999969482422,TRUE,TRUE,12.589389769795,9.76172931257508,25.3035437598251,77.5154004106776,"Trend intact","2026-02-19"
"JNJ","US",244.990005493164,TRUE,TRUE,12.1996726798355,11.369938705288,22.3460000606319,77.0020533880903,"Trend intact","2026-02-19"
"JCI","US",139.479995727539,TRUE,TRUE,15.1440670045042,19.6386125342025,16.1153401474825,76.8993839835729,"Trend intact","2026-02-19"
"VZ","US",48.0499992370605,TRUE,TRUE,14.4756263264614,21.0990836463367,15.7207674501525,76.694045174538,"Trend intact","2026-02-19"
"ASML","US",1468.71997070312,TRUE,TRUE,16.9624718459853,7.79586167807826,37.7435520052458,76.694045174538,"Trend intact","2026-02-19"
"FEML","UK",1246,TRUE,TRUE,11.099222483772,9.41872150597014,25.2461612070822,76.4887063655031,"Trend intact","2026-02-19"
"MGNS","UK",5410,TRUE,TRUE,10.6746859784788,10.5155155763892,22.8471954978696,76.1806981519507,"Trend intact","2026-02-19"
"HSY","US",222.039993286133,TRUE,TRUE,13.6293819363009,11.580336909236,21.4355032073832,76.0780287474333,"Trend intact","2026-02-19"
"PHI","UK",937,TRUE,TRUE,12.1779523034192,9.62711536650476,23.6033096040207,75.7700205338809,"Trend intact","2026-02-19"
"WMB","US",72.1399993896484,TRUE,TRUE,14.1336502568352,15.8758826779718,16.7898723186013,75.6673511293635,"Trend intact","2026-02-19"
"UNP","US",265,TRUE,TRUE,11.4462445113011,14.3870346483304,17.2468353291707,75.2566735112936,"Trend intact","2026-02-19"
"EMG","UK",278.799987792969,TRUE,TRUE,12.6282571677178,7.67601094122146,32.9181729148047,74.6406570841889,"Trend intact","2026-02-19"
"FCX","US",62.5499992370605,TRUE,TRUE,11.5032879498532,6.33561702336136,44.3094753131672,74.6406570841889,"Trend intact","2026-02-19"
"STLD","US",192.740005493164,TRUE,TRUE,7.86447200563024,10.4703560158661,21.5275349431824,74.435318275154,"Trend intact","2026-02-19"
"GRMN","US",237.460006713867,TRUE,TRUE,14.7112106693178,11.4356768935339,20.1471153621756,74.3326488706365,"Trend intact","2026-02-19"
"ITW","US",296.160003662109,TRUE,TRUE,12.5298090205062,11.6960347049941,19.385458927254,74.0246406570842,"Trend intact","2026-02-19"
"SYY","US",89.2799987792969,TRUE,TRUE,13.7974269447002,12.4864449368527,17.8163545226956,73.9219712525667,"Trend intact","2026-02-19"
"NOC","US",724.830017089844,TRUE,TRUE,15.0605295945528,8.32970219318598,26.157820579709,73.8193018480493,"Trend intact","2026-02-19"
"COP","US",110.519996643066,TRUE,TRUE,11.7237077613824,11.8292067635922,19.0279242610696,73.7166324435318,"Trend intact","2026-02-19"
"KMI","US",32.2900009155273,TRUE,TRUE,13.2744016446069,14.3982728502035,16.3484936206873,73.7166324435318,"Trend intact","2026-02-19"
"CSX","US",41.3600006103516,TRUE,TRUE,10.5314939903797,13.1874863656539,16.9827372027384,73.305954825462,"Trend intact","2026-02-19"
"EQIX","US",924.239990234375,TRUE,TRUE,15.7389944119431,14.2137475047833,16.2562189346813,73.1006160164271,"Trend intact","2026-02-19"
"BEZ","UK",1211,TRUE,TRUE,22.7485125231864,7.27749348534559,30.8542236447202,72.9979466119097,"Trend intact","2026-02-19"
"BIIB","US",194.130004882812,TRUE,TRUE,8.27238495686347,16.6103944302026,14.7246230492234,72.7926078028747,"Trend intact","2026-02-19"
"AES","US",16.2900009155273,TRUE,TRUE,11.30242966762,13.8014017215099,16.4434682558414,72.6899383983573,"Trend intact","2026-02-19"
"FITB","US",53.6699981689453,TRUE,TRUE,7.74252191312802,8.77738704778941,23.1704379400563,72.5872689938398,"Trend intact","2026-02-19"
"HWM","US",249.350006103516,TRUE,TRUE,16.7914622651351,10.3246165413442,20.4224058462922,72.5872689938398,"Trend intact","2026-02-19"
"KIE","UK",246.5,TRUE,TRUE,9.463120031973,11.8290263666244,17.9485824693163,72.2792607802875,"Trend intact","2026-02-19"
"BDX","US",182.679992675781,TRUE,TRUE,14.042323511984,11.50763624111,18.5429022810314,72.17659137577,"Trend intact","2026-02-19"
"PSN","UK",1543.5,TRUE,TRUE,10.712620593193,8.76299974856964,22.9072984273539,71.9712525667351,"Trend intact","2026-02-19"
"INCH","UK",879,TRUE,TRUE,10.3411915342321,11.3101179902769,18.7797272049917,71.9712525667351,"Trend intact","2026-02-19"
"CMCX","UK",332,TRUE,TRUE,6.64953421137166,5.73356088435126,47.7258800126907,71.7659137577002,"Trend intact","2026-02-19"
"CCEP","US",104.669998168945,TRUE,TRUE,13.9250410576889,15.8923016590657,14.7010828018729,71.7659137577002,"Trend intact","2026-02-19"
"VTY","UK",724,TRUE,TRUE,9.86209526764227,12.1138067062954,17.0349352068665,71.6632443531828,"Trend intact","2026-02-19"
"MAR","US",356,TRUE,TRUE,11.4513086711956,8.8401500426122,21.9918416292884,71.2525667351129,"Trend intact","2026-02-19"
"MAS","US",76.7200012207031,TRUE,TRUE,13.0446326255331,8.49753418250891,23.3395364265672,71.2525667351129,"Trend intact","2026-02-19"
"PWR","US",519.309997558594,TRUE,TRUE,12.7438222676273,10.6707220233484,19.0345055859535,71.2525667351129,"Trend intact","2026-02-19"
"BMY","US",59.7299995422363,TRUE,TRUE,7.61735500791856,7.77851099590547,24.7161439077894,71.047227926078,"Trend intact","2026-02-19"
"FANG","US",174.009994506836,TRUE,TRUE,11.7847750211519,13.9980320978355,15.3825069943873,70.9445585215606,"Trend intact","2026-02-19"
"ATYM","UK",997,TRUE,TRUE,10.6081785706361,5.56844873283806,43.2404475460937,70.4312114989733,"Trend intact","2026-02-19"
"CPAY","US",349.190002441406,TRUE,TRUE,9.25003964067687,8.52348104814951,22.4153521008067,70.3285420944559,"Trend intact","2026-02-19"
"MCHP","US",79.1100006103516,TRUE,TRUE,9.70039416845607,5.7359245463279,39.1531553074319,70.3285420944559,"Trend intact","2026-02-19"
"CSN","UK",328.5,TRUE,TRUE,9.23419678781631,9.57669050920087,19.7968447575613,70.1232032854209,"Trend intact","2026-02-19"
"MTB","US",231.75,TRUE,TRUE,8.10445165233098,8.77530522367085,21.4764478304648,70.1232032854209,"Trend intact","2026-02-19"
"SSPG","UK",203.199996948242,TRUE,TRUE,5.4915829030268,5.66953286580523,38.2598569893123,69.5071868583162,"Monitor","2026-02-19"
"EIX","US",69.6999969482422,TRUE,TRUE,13.3709347785397,11.0795277642438,17.1590219500257,69.4045174537988,"Monitor","2026-02-19"
"SWK","US",89.8300018310547,TRUE,TRUE,11.9262597560195,5.98665454745548,31.3581391633231,69.1991786447639,"Monitor","2026-02-19"
"HON","US",241.139999389648,TRUE,TRUE,13.2201969994264,9.45267099891263,19.1871899338488,68.788501026694,"Monitor","2026-02-19"
"CCEP","UK",7750,TRUE,TRUE,13.8400070507359,15.9109189501661,12.9300723203835,68.3778234086242,"Monitor","2026-02-19"
"HAL","US",34.7700004577637,TRUE,TRUE,10.70357542515,6.53633492669488,24.1868284940834,67.5564681724846,"Monitor","2026-02-19"
"HLMA","UK",3962,TRUE,TRUE,9.51528017336694,9.85967457761721,17.2576163947758,67.4537987679671,"Monitor","2026-02-19"
"IMI","UK",2874,TRUE,TRUE,8.73348567623603,9.40583540618807,18.5248592126477,67.4537987679671,"Monitor","2026-02-19"
"SSE","UK",2604,TRUE,TRUE,11.9845870675864,11.4619841070623,15.6842471492969,67.2484599589322,"Monitor","2026-02-19"
"USB","US",58.7599983215332,TRUE,TRUE,5.82696363500572,7.70971408297498,22.1188354115099,67.1457905544148,"Monitor","2026-02-19"
"GLEN","UK",507.700012207031,TRUE,TRUE,12.51169308926,5.1946631946536,35.5943661979191,67.0431211498973,"Monitor","2026-02-19"
"AOS","US",78.9599990844727,TRUE,TRUE,10.1611665100346,8.56306754803695,19.8562168029376,67.0431211498973,"Monitor","2026-02-19"
"AZN","UK",15542,TRUE,TRUE,11.4809129642647,13.9375966172231,13.5979374263162,66.9404517453799,"Monitor","2026-02-19"
"ALB","US",171.220001220703,TRUE,TRUE,8.03287182250303,4.89537581486319,39.680051249707,66.8377823408624,"Monitor","2026-02-19"
"BEN","US",27.9099998474121,TRUE,TRUE,10.2386461105404,7.08885040596083,23.0245015011556,66.735112936345,"Monitor","2026-02-19"
"SPX","UK",7875,TRUE,TRUE,10.3281123035109,11.4929966673976,15.3410213299535,66.52977412731,"Monitor","2026-02-19"
"NG","UK",1348.5,TRUE,TRUE,12.0249221183801,12.4619476652867,14.0281172442827,66.4271047227926,"Monitor","2026-02-19"
"CFG","US",65.0400009155273,TRUE,TRUE,5.68461190270867,6.70838020843973,22.9738166675808,65.7084188911704,"Monitor","2026-02-19"
"PHM","US",142.100006103516,TRUE,TRUE,11.6409937457834,8.72289928827401,18.2715742886146,65.5030800821355,"Monitor","2026-02-19"
"ROR","UK",381.200012207031,TRUE,TRUE,10.4889142251655,11.026941132025,15.3364032905436,65.4004106776181,"Monitor","2026-02-19"
"JEMI","UK",196,TRUE,TRUE,10.3292991837883,8.79394513021836,17.520408902509,65.2977412731006,"Monitor","2026-02-19"
"GFRD","UK",571,TRUE,TRUE,7.45605781173548,8.78077455910873,17.5688612245096,65.2977412731006,"Monitor","2026-02-19"
"AME","US",234.309997558594,TRUE,TRUE,8.90612289142924,8.29883197168115,19.2091274956002,65.1950718685832,"Monitor","2026-02-19"
"BOY","UK",781.5,TRUE,TRUE,6.17485225188507,5.7271325261059,25.7640951926716,64.9897330595483,"Monitor","2026-02-19"
"UPS","US",116.120002746582,TRUE,TRUE,9.11257447580006,8.26367695298504,19.0484291403948,64.8870636550308,"Monitor","2026-02-19"
"IEX","US",208.979995727539,TRUE,TRUE,9.57378300650961,5.93902347094986,23.938872168242,64.6817248459959,"Monitor","2026-02-19"
"CVX","US",183.869995117188,TRUE,TRUE,12.5178961670883,10.0676164546623,15.4041917662842,64.1683778234086,"Monitor","2026-02-19"
"HCA","US",535.02001953125,TRUE,TRUE,10.1149719043057,13.1083233430508,12.3949021922487,63.9630390143737,"Monitor","2026-02-19"
"SVT","UK",3158,TRUE,TRUE,9.90540756878658,10.367310753755,15.1146962447552,63.8603696098563,"Monitor","2026-02-19"
"TPK","UK",698,TRUE,TRUE,7.73600049391863,7.0477804809812,20.8742022294311,63.8603696098563,"Monitor","2026-02-19"
"TSCO","UK",494.200012207031,TRUE,TRUE,12.0497745440172,14.7093497910499,11.3668697307171,63.8603696098563,"Monitor","2026-02-19"
"AMGN","US",379.730010986328,TRUE,TRUE,11.8962540154416,13.912618417697,12.0149412563969,63.7577002053388,"Monitor","2026-02-19"
"BBY","UK",781,TRUE,TRUE,7.6113315696649,8.68949828790404,16.9851615337179,63.6550308008214,"Monitor","2026-02-19"
"WIX","UK",247,TRUE,TRUE,5.90858416945373,10.2216565167859,15.0446348263506,63.4496919917865,"Monitor","2026-02-19"
"PKG","US",239.029998779297,TRUE,TRUE,9.85581658563239,7.69342532328894,19.2269198866072,63.4496919917865,"Monitor","2026-02-19"
"RF","US",30.0599994659424,TRUE,TRUE,5.9614768852559,7.92390487556247,18.5920859736996,63.347022587269,"Monitor","2026-02-19"
"BGEO","UK",10040,TRUE,TRUE,5.17934964800536,5.31822654603094,25.5663656198287,63.1416837782341,"Monitor","2026-02-19"
"FCH","UK",152.600006103516,TRUE,TRUE,9.29979792432535,5.52329746565707,24.1996447692062,62.7310061601643,"Monitor","2026-02-19"
"MYI","UK",361.5,TRUE,TRUE,7.08572782747794,9.42042908334475,15.5303949474169,62.7310061601643,"Monitor","2026-02-19"
"APA","US",28.6100006103516,TRUE,TRUE,11.0576314155873,10.4157304249668,14.3315945417108,62.5256673511294,"Monitor","2026-02-19"
"TXT","US",100.25,TRUE,TRUE,9.96182867502009,6.19284283431218,21.668067501864,62.3203285420945,"Monitor","2026-02-19"
"TT","US",459.440002441406,TRUE,TRUE,12.8402175360243,16.5067480836075,9.41442187075729,62.1149897330596,"Monitor","2026-02-19"
"IAG","UK",442.200012207031,TRUE,TRUE,5.30076015788714,8.00050157482932,17.4751967722003,62.0123203285421,"Monitor","2026-02-19"
"ECL","US",302.589996337891,TRUE,TRUE,9.93925792934345,8.81085335010861,15.7173669881349,61.9096509240246,"Monitor","2026-02-19"
"UU","UK",1350,TRUE,TRUE,9.6411081061326,10.8245331175895,13.6286507220944,61.8069815195072,"Monitor","2026-02-19"
"IRM","US",105.830001831055,TRUE,TRUE,18.1064607133595,9.82152883963918,14.6916823336955,61.8069815195072,"Monitor","2026-02-19"
"BRWM","UK",980,TRUE,TRUE,9.44584664179938,3.0038509119227,39.83476403393,61.7043121149897,"Monitor","2026-02-19"
"CTVA","US",76.5899963378906,TRUE,TRUE,9.48090734897376,9.51273659714369,14.8811730080618,61.7043121149897,"Monitor","2026-02-19"
"HMSO","UK",356.799987792969,TRUE,TRUE,6.07555729328799,7.32459248259234,18.2770012576262,60.9856262833676,"Monitor","2026-02-19"
"LIN","US",485.279998779297,TRUE,TRUE,10.5465729120923,10.0317768140378,13.6432266732808,60.3696098562628,"Monitor","2026-02-19"
"MCK","US",946.969970703125,TRUE,TRUE,12.1116602236602,11.9317995620531,11.738045397786,60.3696098562628,"Monitor","2026-02-19"
"NUE","US",184.539993286133,TRUE,TRUE,6.75147466402733,5.65720388873263,22.2141532668544,60.2669404517454,"Monitor","2026-02-19"
"PEP","US",164.389999389648,TRUE,TRUE,9.32744849162685,11.6445595669814,11.9662911646967,60.1642710472279,"Monitor","2026-02-19"
"MRCH","UK",658,TRUE,TRUE,7.18707239199844,8.06761402658189,16.1268147596123,59.958932238193,"Monitor","2026-02-19"
"HUBB","US",522.299987792969,TRUE,TRUE,10.2041458400946,6.52458816143238,18.7920157963001,59.958932238193,"Monitor","2026-02-19"
"KO","US",79.4899978637695,TRUE,TRUE,9.72098051286459,12.0869882423439,11.0700286450152,59.7535934291581,"Monitor","2026-02-19"
"ULTA","US",689.419982910156,TRUE,TRUE,7.23982900379686,3.83519589069516,26.4219641355234,59.6509240246407,"Monitor","2026-02-19"
"PSX","US",157.399993896484,TRUE,TRUE,11.1851993720578,12.9509690980542,10.0712202385592,59.5482546201232,"Monitor","2026-02-19"
"GWW","US",1134.0400390625,TRUE,TRUE,6.81509298973897,5.93248692111406,20.2440776963944,59.3429158110883,"Monitor","2026-02-19"
"CNA","UK",196,TRUE,TRUE,8.89251886105999,8.09997981916428,15.9522187103043,59.3429158110883,"Monitor","2026-02-19"
"BT-A","UK",203.300003051758,TRUE,TRUE,7.81028143477615,9.32464299115017,13.8533003071577,59.2402464065708,"Monitor","2026-02-19"
"TEM","UK",272.5,TRUE,TRUE,9.23157093037239,7.62273653878838,16.5220903581505,59.0349075975359,"Monitor","2026-02-19"
"DG","US",152.020004272461,TRUE,TRUE,7.10914200878914,2.18122670360215,37.6740727976342,59.0349075975359,"Monitor","2026-02-19"
"SBRY","UK",354.600006103516,TRUE,TRUE,8.961517791344,11.9688400827449,10.7681976051608,58.829568788501,"Monitor","2026-02-19"
"JFJ","UK",820,TRUE,TRUE,10.8827347468628,9.3239155125481,13.7021797564291,58.6242299794661,"Monitor","2026-02-19"
"WMT","US",126.620002746582,TRUE,TRUE,6.70806445715701,5.62019097386397,21.1522806462073,58.6242299794661,"Monitor","2026-02-19"
"JBL","US",260.540008544922,TRUE,TRUE,9.55869946423363,3.61488091022144,25.5132531385954,58.2135523613963,"Monitor","2026-02-19"
"PCAR","US",125.169998168945,TRUE,TRUE,5.64313288277417,3.09114586418477,26.9604624946309,57.8028747433265,"Monitor","2026-02-19"
"PNC","US",232.740005493164,TRUE,TRUE,6.18747355216166,4.19433863420648,23.5040536120303,57.700205338809,"Monitor","2026-02-19"
"HSBA","UK",1297.80004882812,TRUE,TRUE,6.83064538120502,5.44697302447998,20.6182375544627,57.2895277207392,"Monitor","2026-02-19"
"LWDB","UK",1184,TRUE,TRUE,7.45271717428394,6.81486333616705,16.8898536461814,57.2895277207392,"Monitor","2026-02-19"
"HST","US",20.2600002288818,TRUE,TRUE,8.95167695120019,8.60247001763494,14.1317942693603,57.2895277207392,"Monitor","2026-02-19"
"ZIG","UK",398.5,TRUE,TRUE,3.8896709943167,7.0158634072456,16.4661602747251,57.1868583162218,"Monitor","2026-02-19"
"PPH","UK",2005,TRUE,TRUE,9.25120693976744,12.015492366682,9.90077805794316,57.1868583162218,"Monitor","2026-02-19"
"CF","US",95.8199996948242,TRUE,TRUE,12.5379645814145,9.94410094431215,11.9349683470554,56.6735112936345,"Monitor","2026-02-19"
"JUP","UK",187.199996948242,TRUE,TRUE,7.63321739031778,2.70725796650026,26.6539662138718,56.570841889117,"Monitor","2026-02-19"
"CHRW","US",185.860000610352,TRUE,TRUE,6.81977540810201,5.58173588812068,19.5863808708468,56.4681724845996,"Monitor","2026-02-19"
"EWI","UK",236,TRUE,TRUE,5.97215985630894,5.89047034193158,18.4697273448669,56.3655030800821,"Monitor","2026-02-19"
"DHI","US",167.25,TRUE,TRUE,9.01233830676785,6.9890091845294,16.0639099485131,56.1601642710472,"Monitor","2026-02-19"
"MNG","UK",318.799987792969,TRUE,TRUE,7.42108123811468,5.61256426836518,19.2409876447733,56.1601642710472,"Monitor","2026-02-19"
"TSN","US",63.9599990844727,TRUE,TRUE,5.37032681909577,6.27473298699579,16.964427454208,56.0574948665298,"Monitor","2026-02-19"
"PCG","US",17.8799991607666,TRUE,TRUE,12.9872052230748,13.5771010274806,8.09286001169074,55.9548254620123,"Monitor","2026-02-19"
"MGAM","UK",238,TRUE,TRUE,5.12831838862141,4.95257287483861,20.7510122211308,55.7494866529774,"Monitor","2026-02-19"
"SOI","UK",387,TRUE,TRUE,9.31894579249174,7.51023045415034,15.1784832933873,55.64681724846,"Monitor","2026-02-19"
"ROST","US",200.380004882812,TRUE,TRUE,7.02676509719353,4.0846968616453,22.1423316039585,55.3388090349076,"Monitor","2026-02-19"
"HLN","UK",410.899993896484,TRUE,TRUE,8.89902888343403,9.70395902182721,11.4351339708641,55.1334702258727,"Monitor","2026-02-19"
"BKG","UK",4326,TRUE,TRUE,7.70517761644409,9.24478907904778,11.7609680364279,54.517453798768,"Monitor","2026-02-19"
"MO","US",66.7699966430664,TRUE,TRUE,10.0656342883726,7.79979490544278,13.7540332525242,54.3121149897331,"Monitor","2026-02-19"
"CMI","US",593,TRUE,TRUE,7.47558799575769,2.39955495203503,24.8310064151109,54.3121149897331,"Monitor","2026-02-19"
"PH","US",997.5,TRUE,TRUE,7.92410705028779,5.48399858804487,18.1479791229708,54.0041067761807,"Monitor","2026-02-19"
"MRO","UK",681.799987792969,TRUE,TRUE,11.1785099351754,8.57055300711798,12.4478896490858,53.6960985626283,"Monitor","2026-02-19"
"MTO","UK",180.399993896484,TRUE,TRUE,6.57151269609295,8.68098281072429,12.2505850537001,53.6960985626283,"Monitor","2026-02-19"
"FRES","UK",3912,TRUE,TRUE,9.7384454842293,-1.62275366217557,54.0750887147581,53.4907597535934,"Monitor","2026-02-19"
"KEY","US",21.9400005340576,TRUE,TRUE,2.95539492177014,3.57263904381719,21.9276811051193,53.4907597535934,"Monitor","2026-02-19"
"JDW","UK",768.5,TRUE,TRUE,6.35794951284323,4.04967383781782,20.8290194609223,53.388090349076,"Monitor","2026-02-19"
"FAN","UK",691,TRUE,TRUE,6.23904553980506,8.1370168195507,12.7964941801503,53.0800821355236,"Monitor","2026-02-19"
"UHS","US",235.289993286133,TRUE,TRUE,8.62609713276356,16.3101556453526,4.45406330107545,53.0800821355236,"Monitor","2026-02-19"
"REGN","US",792.159973144531,TRUE,TRUE,3.87201429590833,7.75631170292863,13.3012117956654,52.9774127310062,"Monitor","2026-02-19"
"LYV","US",155.779998779297,TRUE,TRUE,7.69711331002735,7.56498372538585,13.6819799400072,52.9774127310062,"Monitor","2026-02-19"
"CB","US",329.290008544922,TRUE,TRUE,5.75038987154834,9.05930308926335,10.8303885147585,52.8747433264887,"Monitor","2026-02-19"
"MNST","US",83.1800003051758,TRUE,TRUE,6.18877055691283,6.21210191753949,15.3970402179935,52.8747433264887,"Monitor","2026-02-19"
"FER","US",73.3199996948242,TRUE,TRUE,8.03706180414655,7.22422505648188,14.0805875988099,52.7720739219713,"Monitor","2026-02-19"
"IGG","UK",1368,TRUE,TRUE,4.16190780757459,1.99342149008173,24.5691170726544,52.6694045174538,"Monitor","2026-02-19"
"OXY","US",47.1100006103516,TRUE,TRUE,9.59127347199775,9.82863675658177,9.68822587641864,52.258726899384,"Monitor","2026-02-19"
"AEP","UK",1525,TRUE,TRUE,7.34145139719856,8.55221734381626,11.8192955727711,52.258726899384,"Monitor","2026-02-19"
"SNA","US",384.359985351562,TRUE,TRUE,6.32358887817894,6.17049244884402,15.2547495440604,52.0533880903491,"Monitor","2026-02-19"
"SGRO","UK",793.200012207031,TRUE,TRUE,7.86788368803381,8.11148729400566,12.2712005774964,51.9507186858316,"Monitor","2026-02-19"
"PNN","UK",585.5,TRUE,TRUE,7.72967303906235,6.07313738848569,15.2870543104541,51.8480492813142,"Monitor","2026-02-19"
"SMT","UK",1257,TRUE,TRUE,4.97394441475146,5.05817442246368,17.518716268008,51.6427104722793,"Monitor","2026-02-19"
"RR","UK",1324.5,TRUE,TRUE,9.14709517923362,3.33940068153904,21.0110691393289,51.5400410677618,"Monitor","2026-02-19"
"AAS","UK",409,TRUE,TRUE,7.96114454651041,8.41260126529075,11.6561288406062,51.4373716632443,"Monitor","2026-02-19"
"MTRO","UK",131.800003051758,TRUE,TRUE,5.2917516037362,2.61353015021752,22.3522994638575,51.2320328542095,"Monitor","2026-02-19"
"NSC","US",316.760009765625,TRUE,TRUE,7.42201032985402,8.60934228764503,10.9240568338751,51.2320328542095,"Monitor","2026-02-19"
"FSV","UK",453.5,TRUE,TRUE,6.08435285035907,6.25559232858208,14.3185657685931,50.6160164271047,"Monitor","2026-02-19"
"HII","US",424.890014648438,TRUE,TRUE,12.1001964964964,-0.237421622805378,30.2532902539679,50.2053388090349,"Monitor","2026-02-19"
"TFC","US",52.689998626709,TRUE,TRUE,3.50530883447453,5.26026391560657,16.0879115459836,50,"Monitor","2026-02-19"
"UAL","US",116.930000305176,TRUE,TRUE,5.1576067148245,2.98607592721529,20.7382849384355,49.8973305954825,"Monitor","2026-02-19"
"TMPL","UK",404.5,TRUE,TRUE,5.60254803675856,7.83959390840145,11.6547705048391,49.7946611909651,"Monitor","2026-02-19"
"VTR","US",85.7399978637695,TRUE,TRUE,8.6391815845543,8.8857995976249,9.46106095650245,49.7946611909651,"Monitor","2026-02-19"
"PM","US",182.669998168945,TRUE,TRUE,8.92418604288656,5.08122614246522,16.1485813892246,49.4866529774127,"Monitor","2026-02-19"
"GSCT","UK",192.199996948242,TRUE,TRUE,5.88131396763996,5.12384790716869,16.1112019181961,49.3839835728953,"Monitor","2026-02-19"
"INVP","UK",640,TRUE,TRUE,10.1018442058905,8.21934563762916,10.622894819178,49.1786447638604,"Monitor","2026-02-19"
"SN","UK",1334,TRUE,TRUE,7.01707941244896,10.5443810814261,7.42809775461541,49.0759753593429,"Monitor","2026-02-19"
"HILS","UK",2375,TRUE,TRUE,5.42436079545454,6.2995852014577,13.2629543773378,48.870636550308,"Monitor","2026-02-19"
"JEDT","UK",647,TRUE,TRUE,5.99606815203146,6.05280267910038,13.7292043002842,48.870636550308,"Monitor","2026-02-19"
"ETN","US",380.380004882812,TRUE,TRUE,11.0519432030159,10.1256116909403,7.64322075064632,48.870636550308,"Monitor","2026-02-19"
"N91","UK",247.199996948242,TRUE,TRUE,7.67675942220654,5.23157510021717,15.5499984409501,48.6652977412731,"Monitor","2026-02-19"
"IHG","UK",145.050003051758,TRUE,TRUE,4.41417351698261,6.84759856061712,12.3751277607188,48.3572895277207,"Monitor","2026-02-19"
"MGM","US",37.189998626709,TRUE,TRUE,4.30514246846298,6.12634145066107,13.5723247301073,48.3572895277207,"Monitor","2026-02-19"
"RAT","UK",2200,TRUE,TRUE,7.09973906609028,1.60369989098168,22.314355131421,48.2546201232033,"Monitor","2026-02-19"
"HLT","US",315.880004882812,TRUE,TRUE,6.46408510343228,4.87505881332568,15.8163371040564,47.6386036960986,"Monitor","2026-02-19"
"LOW","US",282.130004882812,TRUE,TRUE,7.66602949451689,1.63669217734963,21.3680430430968,47.1252566735113,"Monitor","2026-02-19"
"ITH","UK",199.800003051758,TRUE,TRUE,16.4715774188566,16.9787799719602,-15.8004233869185,47.0225872689938,"Monitor","2026-02-19"
"O","US",65.0699996948242,TRUE,TRUE,8.92819475389626,5.77281236162825,13.5927296521858,46.8172484599589,"Monitor","2026-02-19"
"VLO","US",199.460006713867,TRUE,TRUE,10.3871050539999,8.36170519566215,9.2926643323227,46.611909650924,"Monitor","2026-02-19"
"GM","US",83.6699981689453,TRUE,TRUE,2.18961792124429,3.4656012548929,17.098415849617,46.611909650924,"Monitor","2026-02-19"
"DLR","US",176.020004272461,TRUE,TRUE,9.19558313068206,7.31731877420545,10.6864070430047,46.5092402464066,"Monitor","2026-02-19"
"NEE","US",91.2200012207031,TRUE,TRUE,8.51462821657947,8.68719101141551,8.38870113759862,46.3039014373717,"Monitor","2026-02-19"
"KIM","US",22.6599998474121,TRUE,TRUE,8.92869115999167,7.3225767519093,10.4086432393305,46.0985626283368,"Monitor","2026-02-19"
"EQT","US",58.6300010681152,TRUE,TRUE,6.82219200062677,14.8481409119066,-2.14300014011553,45.9958932238193,"Monitor","2026-02-19"
"NRG","US",171.059997558594,TRUE,TRUE,9.05905295949508,11.7804923686289,3.49180165339815,45.482546201232,"Monitor","2026-02-19"
"WBD","US",28.7900009155273,TRUE,TRUE,1.71995010681334,0.732096659203529,22.3230392776413,45.482546201232,"Monitor","2026-02-19"
"FTV","US",58.3300018310547,TRUE,TRUE,4.99807743470841,5.95109409008208,12.2788713942587,45.2772073921971,"Monitor","2026-02-19"
"TKO","US",213.279998779297,TRUE,TRUE,3.25329112562394,4.8070685117402,14.718110214149,45.1745379876797,"Monitor","2026-02-19"
"LHX","US",352.119995117188,TRUE,TRUE,9.19146931262258,1.62046655385284,19.6196702757282,44.9691991786448,"Monitor","2026-02-19"
"MPC","US",199.570007324219,TRUE,TRUE,10.4993524252762,12.7785551444549,-0.205225150337007,44.7638603696099,"Monitor","2026-02-19"
"COA","UK",88.0999984741211,TRUE,TRUE,4.4556671940099,6.32529504941832,10.9024663155261,44.4558521560575,"Monitor","2026-02-19"
"OXB","UK",807,TRUE,TRUE,8.02634397087171,-9.45213140396302,29.80620701545,44.4558521560575,"Monitor","2026-02-19"
"CTY","UK",575,TRUE,TRUE,6.13947650164285,5.17510650524455,13.3779870697611,43.8398357289528,"Monitor","2026-02-19"
"BARC","UK",486.049987792969,TRUE,TRUE,2.66695143654449,1.33590382726911,19.5347082618858,43.8398357289528,"Monitor","2026-02-19"
"WELL","US",208.589996337891,TRUE,TRUE,9.33535835598891,8.61095793577213,7.34406541273707,43.8398357289528,"Monitor","2026-02-19"
"KLAC","US",1480.30004882812,TRUE,TRUE,7.6626333347877,-5.74412822393358,26.6211497826215,43.6344969199179,"Monitor","2026-02-19"
"DGX","US",204.389999389648,TRUE,TRUE,10.8696631847282,7.56936487967508,8.91887453682791,43.6344969199179,"Monitor","2026-02-19"
"SPG","US",199.630004882812,TRUE,TRUE,6.48285184193318,7.65423884257244,8.84560475086493,43.6344969199179,"Monitor","2026-02-19"
"ED","US",111.610000610352,TRUE,TRUE,8.81073600765419,7.24483754491061,9.33767090943682,43.6344969199179,"Monitor","2026-02-19"
"DAL","US",71.1100006103516,TRUE,TRUE,1.61329670700628,0.960866938827376,19.674087703877,43.0184804928131,"Monitor","2026-02-19"
"ATR","UK",616,TRUE,TRUE,6.39767859610335,6.71393028376279,9.53101798043248,42.9158110882957,"Monitor","2026-02-19"
"INTC","US",45.4599990844727,TRUE,TRUE,4.63756401152381,-3.24633577387314,24.6736867273752,42.9158110882957,"Monitor","2026-02-19"
"TRV","US",298.459991455078,TRUE,TRUE,4.17786257460659,10.2364341763448,3.81437035727537,42.7104722792608,"Monitor","2026-02-19"
"BBOX","UK",170.300003051758,TRUE,TRUE,7.66760399549362,4.25851817580254,13.8324335866377,42.6078028747433,"Monitor","2026-02-19"
"SRP","UK",300.799987792969,TRUE,TRUE,4.75579762670204,0.667113908865424,20.0301350138886,42.4024640657084,"Monitor","2026-02-19"
"PHNX","UK",761.5,TRUE,TRUE,4.14672173746547,3.81444704485654,14.456663783271,42.0944558521561,"Monitor","2026-02-19"
"EL","US",111.599998474121,TRUE,TRUE,1.93828740702837,-3.04458067324056,23.5540852883841,42.0944558521561,"Monitor","2026-02-19"
"FAST","US",45.9799995422363,TRUE,TRUE,6.3627984598843,4.99434557569751,12.8139847013525,41.9917864476386,"Monitor","2026-02-19"
"JSG","UK",148.199996948242,TRUE,TRUE,5.79064402391966,6.40887591391373,9.32879138313991,41.5811088295688,"Monitor","2026-02-19"
"LGEN","UK",271.700012207031,TRUE,TRUE,3.91408883348728,3.5209721026253,14.596446040944,41.4784394250513,"Monitor","2026-02-19"
"WM","US",234.059997558594,TRUE,TRUE,5.25425760299272,5.63746173063429,11.2430172604013,41.4784394250513,"Monitor","2026-02-19"
"PLD","US",139.630004882812,TRUE,TRUE,6.69578876129419,4.70692211597594,12.8194801465525,41.170431211499,"Monitor","2026-02-19"
"ADM","US",67.5199966430664,TRUE,TRUE,7.02476318286549,3.52711224786209,14.1518459667966,41.0677618069815,"Monitor","2026-02-19"
"LLOY","UK",104.599998474121,TRUE,TRUE,3.4946754664754,2.1256809536502,16.0608674098732,40.8624229979466,"Monitor","2026-02-19"
"GFTU","UK",980.099975585938,TRUE,TRUE,3.91617712245377,6.20860008765112,9.32920044110706,40.7597535934292,"Monitor","2026-02-19"
"DLTR","US",132.539993286133,TRUE,TRUE,4.45596351049489,-5.44007581507282,23.5307877202429,40.7597535934292,"Monitor","2026-02-19"
"PCT","UK",507,TRUE,TRUE,5.60959860020414,4.64260968745513,12.707160327463,40.6570841889117,"Monitor","2026-02-19"
"PFE","US",27.3700008392334,TRUE,TRUE,5.65120332913721,6.49039969704512,8.81746255583513,40.6570841889117,"Monitor","2026-02-19"
"BPCR","UK",0.970000028610229,TRUE,TRUE,5.77510507794964,7.49013641591529,7.49013641591529,40.5544147843943,"Monitor","2026-02-19"
"HIG","US",141.259994506836,TRUE,TRUE,3.79285167088236,8.62265329057461,5.38823095278422,40.5544147843943,"Monitor","2026-02-19"
"RL","US",378.079986572266,TRUE,TRUE,4.61161828073772,4.05652457203054,13.1538268798905,40.3490759753593,"Monitor","2026-02-19"
"BAG","UK",689,TRUE,TRUE,7.45812408372065,8.00427076735364,6.28949765127578,40.2464065708419,"Monitor","2026-02-19"
"THRL","UK",106.800003051758,TRUE,TRUE,5.70280771413745,5.18848488954076,11.6029001594255,40.1437371663244,"Monitor","2026-02-19"
"BA","UK",2110,TRUE,TRUE,11.5794038169675,2.10735767905286,15.6127355703132,40.041067761807,"Monitor","2026-02-19"
"LMP","UK",211.800003051758,TRUE,TRUE,8.35200765756813,5.33330445604117,10.8092165974732,39.7330595482546,"Monitor","2026-02-19"
"SRE","UK",105.599998474121,TRUE,TRUE,7.72432173715438,5.8496207552067,9.53101653547144,39.5277207392197,"Monitor","2026-02-19"
"NXPI","US",237.330001831055,TRUE,TRUE,2.50879490567915,0.0927414363626866,18.5740340291373,39.2197125256673,"Monitor","2026-02-19"
"CME","US",302.549987792969,TRUE,TRUE,7.75262908725094,7.92442201260224,5.9616961445621,39.1170431211499,"Monitor","2026-02-19"
"EMR","US",151.139999389648,TRUE,TRUE,4.98195311027518,1.11777121312819,16.9462922388237,39.1170431211499,"Monitor","2026-02-19"
"ACGL","US",98.0599975585938,TRUE,TRUE,2.96483054704078,7.8573557292521,5.81547102461126,38.6036960985626,"Monitor","2026-02-19"
"JMG","UK",149.800003051758,TRUE,TRUE,5.75809951061196,4.92575406734872,11.1461291504423,38.5010266940452,"Monitor","2026-02-19"
"HSL","UK",933,TRUE,TRUE,4.88095505744283,3.37906807847199,13.1542864244597,38.3983572895277,"Monitor","2026-02-19"
"JEGI","UK",149,TRUE,TRUE,4.62013762112064,4.81192483441983,11.3597177723705,38.3983572895277,"Monitor","2026-02-19"
"DRX","UK",879.5,TRUE,TRUE,2.12612779990478,0,18.0163568563681,38.347022587269,"Monitor","2026-02-19"
"LRE","UK",663,TRUE,TRUE,6.8217703734734,4.15764268457401,12.0048042287236,38.1930184804928,"Monitor","2026-02-19"
"CAH","US",224.990005493164,TRUE,TRUE,7.47125878736431,5.73493289912124,9.1242774611124,37.6796714579055,"Monitor","2026-02-19"
"IEM","UK",434.5,TRUE,TRUE,5.95235192274867,3.15631110230656,13.0085093980935,37.5770020533881,"Monitor","2026-02-19"
"WSM","US",213.960006713867,TRUE,TRUE,7.07744422330611,1.15168603208211,16.0464583200782,37.5770020533881,"Monitor","2026-02-19"
"RTX","US",204.809997558594,TRUE,TRUE,7.44739831866145,1.42111378933221,15.4044842680035,37.4743326488706,"Monitor","2026-02-19"
"PHP","UK",107.5,TRUE,TRUE,5.94473163064798,3.79192348622936,12.0461004884919,37.3716632443532,"Monitor","2026-02-19"
"GCP","UK",77.1999969482422,TRUE,TRUE,3.9170780258069,6.00580749381265,8.09066419440256,37.3716632443532,"Monitor","2026-02-19"
"SDP","UK",728,TRUE,TRUE,6.02662316856485,4.92710490067827,10.2617029712076,37.1663244353183,"Monitor","2026-02-19"
"BA","US",238.929992675781,TRUE,TRUE,4.35027616625401,-3.59669694818709,20.5635583848488,37.1663244353183,"Monitor","2026-02-19"
"AAF","UK",357.600006103516,TRUE,TRUE,4.75621427281095,0.39226552416336,16.8325970134835,37.0636550308008,"Monitor","2026-02-19"
"VRTX","US",470.309997558594,TRUE,TRUE,2.04905247104243,6.3531210782636,7.31156748926551,37.0636550308008,"Monitor","2026-02-19"
"GROW","UK",491.399993896484,TRUE,TRUE,-0.849859246558848,-2.33317224333272,19.4853975612864,37.0636550308008,"Monitor","2026-02-19"
"TRY","UK",349.5,TRUE,TRUE,7.07392543120614,5.74109072133391,8.66212853131403,36.9609856262834,"Monitor","2026-02-19"
"ANET","US",139.539993286133,TRUE,TRUE,4.61116338038129,7.21253339211643,6.03335180837883,36.9609856262834,"Monitor","2026-02-19"
"REG","US",75.7200012207031,TRUE,TRUE,6.78083796275211,5.7764544150575,8.44215162297166,36.9609856262834,"Monitor","2026-02-19"
"MCD","US",327.890014648438,TRUE,TRUE,4.47314625916292,6.44308357259407,6.57327722508478,36.652977412731,"Monitor","2026-02-19"
"AVY","US",195.410003662109,TRUE,TRUE,5.30916594414301,3.52065200558256,12.2328685016519,36.652977412731,"Monitor","2026-02-19"
"ASL","UK",1668,TRUE,TRUE,3.24082097496967,3.16713438376519,12.5003283629871,36.3449691991786,"Monitor","2026-02-19"
"ETR","US",102.389999389648,TRUE,TRUE,7.67240760833639,6.00754156386056,7.43859445843729,36.0369609856263,"Monitor","2026-02-19"
"WOSG","UK",495.799987792969,TRUE,TRUE,1.01997733190257,3.03053248744511,12.5324500691627,35.9342915811088,"Monitor","2026-02-19"
"BHMG","UK",428.5,TRUE,TRUE,4.90109674892283,6.1354176091152,7.00769728315054,35.8316221765914,"Monitor","2026-02-19"
"APTV","US",83.8099975585938,TRUE,TRUE,4.90017863277892,6.40533774106,6.02442940389363,35.1129363449692,"Monitor","2026-02-19"
"NTRS","US",147.520004272461,TRUE,TRUE,2.41742002792507,1.33066678795579,14.6710546439702,35.0102669404517,"Monitor","2026-02-19"
"UEM","UK",290,TRUE,TRUE,4.31654676258993,3.86691411591542,10.5360515657826,35.0102669404517,"Monitor","2026-02-19"
"CBOE","US",285.390014648438,TRUE,TRUE,8.67405145082293,4.23723413289254,9.95414388560816,35.0102669404517,"Monitor","2026-02-19"
"PINT","UK",116.5,TRUE,TRUE,4.88880885927794,4.38666821055822,9.91803200896344,34.9075975359343,"Monitor","2026-02-19"
"COO","US",83.4000015258789,TRUE,TRUE,1.90790331721195,1.24270013630081,14.517831922325,34.5995893223819,"Monitor","2026-02-19"
"SHEL","UK",2929,TRUE,TRUE,6.77933971068596,7.3294163616322,3.88111009138017,34.394250513347,"Monitor","2026-02-19"
"IPF","UK",237.5,TRUE,TRUE,3.22496522948539,0.633581844908537,15.204762963048,33.9835728952772,"Monitor","2026-02-19"
"CBG","UK",498.200012207031,TRUE,TRUE,-0.941274089682719,-5.14438005060009,18.6102289379082,33.9835728952772,"Monitor","2026-02-19"
"QQ","UK",517,TRUE,TRUE,8.04462227511898,-2.29455573498702,17.131846943788,33.8809034907598,"Monitor","2026-02-19"
"IBKR","US",74.9000015258789,TRUE,TRUE,6.24354840237686,2.07750746272284,12.6044745176007,33.7782340862423,"Monitor","2026-02-19"
"PNW","US",97.5500030517578,TRUE,TRUE,7.00730905905295,4.01602009872182,9.8606264185511,33.6755646817249,"Monitor","2026-02-19"
"ALL","US",209.429992675781,TRUE,TRUE,2.7214801832576,8.54368830010737,-2.29873970418559,33.0595482546201,"Monitor","2026-02-19"
"D","US",64.7200012207031,TRUE,TRUE,7.33215394127761,5.70675300980508,6.6435659805804,33.0595482546201,"Monitor","2026-02-19"
"PFG","US",92.4499969482422,TRUE,TRUE,1.35860784506202,4.38913491092627,9.02714686325874,32.9568788501027,"Monitor","2026-02-19"
"SHC","UK",149,TRUE,TRUE,4.12153515491823,6.01632970853849,5.73163635149374,32.7515400410678,"Monitor","2026-02-19"
"CRH","US",124.75,TRUE,TRUE,-0.281210680139042,1.4371301520435,12.9748122999539,32.6488706365503,"Monitor","2026-02-19"
"BP","UK",469.5,TRUE,TRUE,5.64592534959619,7.02488084159816,2.35989882643031,32.0328542094456,"Monitor","2026-02-19"
"GS","US",933.72998046875,TRUE,TRUE,1.6678325083628,-2.98271543748898,16.6003148977038,32.0328542094456,"Monitor","2026-02-19"
"BAB","UK",1376,TRUE,TRUE,1.11104579389806,-7.4211787362743,17.3350291299612,31.8275154004107,"Monitor","2026-02-19"
"GEHC","US",82.9499969482422,TRUE,TRUE,0.544232425923942,1.45721700687611,12.5725831520402,31.7248459958932,"Monitor","2026-02-19"
"LAND","UK",658,TRUE,TRUE,4.11227670448253,3.55799324326256,9.31089568577486,31.4168377823409,"Monitor","2026-02-19"
"THRG","UK",660,TRUE,TRUE,3.47098109302982,1.98935405195702,11.7215015192374,31.4168377823409,"Monitor","2026-02-19"
"AEP","US",127.269996643066,TRUE,TRUE,7.79435849300659,5.91524413786138,4.80439465187175,31.006160164271,"Monitor","2026-02-19"
"RTO","UK",459.799987792969,TRUE,TRUE,1.39992481018796,-0.412377017174315,14.6855305093323,30.9034907597536,"Monitor","2026-02-19"
"C","US",116.269996643066,TRUE,TRUE,0.196650577068423,-1.51085140221801,14.7749318414447,30.6981519507187,"Monitor","2026-02-19"
"IMB","UK",3251,TRUE,TRUE,3.51986651637021,6.94104126153245,0.679014954563151,30.4928131416838,"Monitor","2026-02-19"
"BWY","UK",2854,TRUE,TRUE,5.2158140769469,5.25111640046161,6.14132999452091,30.3901437371663,"Monitor","2026-02-19"
"BRSC","UK",1380,TRUE,TRUE,2.92976907930067,2.49462679465768,10.2145078803852,30.2874743326489,"Monitor","2026-02-19"
"MRC","UK",268.5,TRUE,TRUE,2.73972602739727,1.87975459675025,11.0130824403104,30.2874743326489,"Monitor","2026-02-19"
"CWK","UK",5300,TRUE,TRUE,3.73037930089639,3.84662808277945,8.15375350633296,30.1848049281314,"Monitor","2026-02-19"
"HICL","UK",120.599998474121,TRUE,TRUE,2.64179044242837,2.68923512494288,9.92982362763852,30.082135523614,"Monitor","2026-02-19"
"HWDN","UK",869,TRUE,TRUE,3.12092084964993,2.8598389017537,9.65768044195183,29.9794661190965,"Monitor","2026-02-19"
"FRAS","UK",711.5,TRUE,TRUE,3.78528189045293,5.78614015666146,4.1612890470792,29.8767967145791,"Monitor","2026-02-19"
"STAN","UK",1809.5,TRUE,TRUE,0.0641472289503126,-1.56274599118351,14.6763461393241,29.7741273100616,"Monitor","2026-02-19"
"L","US",108.660003662109,TRUE,TRUE,2.86694840130782,5.84585628256722,3.98982834495021,29.6714579055441,"Monitor","2026-02-19"
"CNP","US",41.9300003051758,TRUE,TRUE,7.2685788583905,5.43985463730667,5.36432891010166,29.0554414784394,"Monitor","2026-02-19"
"CKN","UK",4085,TRUE,TRUE,2.24769723668403,-1.33740595252565,13.7561183448028,28.8501026694045,"Monitor","2026-02-19"
"GL","US",143.600006103516,TRUE,TRUE,2.17688443074831,3.27736078352903,8.56702259155018,28.7474332648871,"Monitor","2026-02-19"
"SHW","US",365.760009765625,TRUE,TRUE,6.26997785043436,2.19194315478157,9.63004386840813,28.5420944558522,"Monitor","2026-02-19"
"ABBV","US",228.720001220703,TRUE,TRUE,2.17456077879363,6.48883318326474,-1.5789342399918,28.0287474332649,"Monitor","2026-02-19"
"ELM","UK",169.600006103516,TRUE,TRUE,1.2416466168103,2.62859167317453,9.26015837127894,27.9260780287474,"Monitor","2026-02-19"
"MLM","US",661.72998046875,TRUE,TRUE,2.24397807184544,1.53346759320705,10.3878934425206,27.82340862423,"Monitor","2026-02-19"
"SUPR","UK",86.1999969482422,TRUE,TRUE,4.1037619622861,2.70445106063875,8.72222897994028,27.4127310061602,"Monitor","2026-02-19"
"HBAN","US",17.8899993896484,TRUE,TRUE,0.393941060706937,-0.724041417956611,12.8672175434843,27.3100616016427,"Monitor","2026-02-19"
"EVRG","US",80.4000015258789,TRUE,TRUE,6.83533667962479,5.05080438525844,5.01156721442166,27.3100616016427,"Monitor","2026-02-19"
"STT","US",129.679992675781,TRUE,TRUE,-0.150150009023099,1.28832858610055,10.4264374771652,27.1047227926078,"Monitor","2026-02-19"
"EXC","US",47.2400016784668,TRUE,TRUE,6.79809564324057,5.45966196489607,2.79048594919793,26.5913757700205,"Monitor","2026-02-19"
"DTE","US",142.619995117188,TRUE,TRUE,7.17908695658794,5.11383185659797,3.94730852766552,26.2833675564682,"Monitor","2026-02-19"
"SMIN","UK",2642,TRUE,TRUE,6.14363539942469,2.76303071930055,7.79001647907851,25.9753593429158,"Monitor","2026-02-19"
"BLND","UK",413,TRUE,TRUE,2.45596672687293,1.85733739986729,8.69673380645333,25.2566735112936,"Monitor","2026-02-19"
"YUM","US",162.910003662109,TRUE,TRUE,5.43531503471348,1.64004614840705,8.91173697614507,25.1540041067762,"Monitor","2026-02-19"
"FCIT","UK",1286,TRUE,TRUE,2.75504985937101,3.4008813286853,6.09162662067781,24.8459958932238,"Monitor","2026-02-19"
"FE","US",48.939998626709,TRUE,TRUE,6.4116586648173,3.32394226447463,6.32588625860095,24.8459958932238,"Monitor","2026-02-19"
"OSB","UK",612.5,TRUE,TRUE,-0.485791808152855,-2.97569201223311,12.9690382257097,24.8459958932238,"Monitor","2026-02-19"
"MUT","UK",952,TRUE,TRUE,3.2829214312062,3.63676441708742,5.39505147287409,24.435318275154,"Monitor","2026-02-19"
"FRT","US",105.449996948242,TRUE,TRUE,3.57833659561699,1.70241183117712,8.32166815279223,24.1273100616016,"Monitor","2026-02-19"
"BUT","UK",1490,TRUE,TRUE,2.61142636769325,1.62385164929084,8.39653801173341,24.0246406570842,"Monitor","2026-02-19"
"DUK","US",125.23999786377,TRUE,TRUE,5.27979162859774,4.926134337025,2.04080388735566,23.7166324435318,"Monitor","2026-02-19"
"ABDN","UK",216,TRUE,TRUE,2.6674528737185,0.464037955650287,9.71637484536485,23.4086242299795,"Monitor","2026-02-19"
"WEC","US",113.720001220703,TRUE,TRUE,5.31736078564783,4.61600090124641,2.44793920043156,23.4086242299795,"Monitor","2026-02-19"
"FEV","UK",438,TRUE,TRUE,2.87244286821524,3.01297414520292,5.9982704601711,23.1006160164271,"Monitor","2026-02-19"
"JMAT","UK",2298,TRUE,TRUE,1.91229688497835,-0.260756340708124,10.1596214122922,22.7926078028747,"Monitor","2026-02-19"
"AGT","UK",267,TRUE,TRUE,2.92983808789515,2.65670273847221,6.17957192684662,22.6899383983573,"Monitor","2026-02-19"
"XEL","US",79.6800003051758,TRUE,TRUE,5.51266582938549,5.24300594638154,-1.12318853802797,22.6899383983573,"Monitor","2026-02-19"
"AEE","US",108.309997558594,TRUE,TRUE,6.17794503788875,4.06065641653601,3.08466870617279,22.5872689938398,"Monitor","2026-02-19"
"NI","US",45.2999992370605,TRUE,TRUE,5.44496196009617,3.07095507125048,5.49014739751077,22.4845995893224,"Monitor","2026-02-19"
"CMS","US",75.1100006103516,TRUE,TRUE,5.41843331738611,4.67419408998726,1.56997272967887,22.4845995893224,"Monitor","2026-02-19"
"ATO","US",178.119995117188,TRUE,TRUE,5.18371435417975,4.38981177168083,1.69860277085094,22.3819301848049,"Monitor","2026-02-19"
"GE","US",329.579986572266,TRUE,TRUE,6.54495540866535,1.36247459090564,7.80976133549105,22.17659137577,"Monitor","2026-02-19"
"IVZ","US",26.7399997711182,TRUE,TRUE,-1.97084865394305,-9.61937488869524,12.83094206211,22.17659137577,"Monitor","2026-02-19"
"SAFE","UK",792.5,TRUE,TRUE,3.41362841558577,-0.503462359866802,10.0116665151815,22.0739219712526,"Monitor","2026-02-19"
"INPP","UK",129.199996948242,TRUE,TRUE,1.6842418731555,1.40298126129501,7.55378565729643,21.6632443531828,"Monitor","2026-02-19"
"NAS","UK",370,TRUE,TRUE,2.70930490783922,4.42060925044956,0.270636159774273,21.5605749486653,"Monitor","2026-02-19"
"DPLM","UK",5620,TRUE,TRUE,3.17606021663301,2.15835716671755,6.05134180353932,21.4579055441478,"Monitor","2026-02-19"
"RKT","UK",6474,TRUE,TRUE,2.66431923279473,1.77002922606952,6.5671899240451,21.2525667351129,"Monitor","2026-02-19"
"SEQI","UK",82.3000030517578,TRUE,TRUE,3.59759689496224,2.83445100900392,4.59994647419775,20.6365503080082,"Monitor","2026-02-19"
"LH","US",278.760009765625,TRUE,TRUE,5.45302440611507,2.87122486416012,4.35145882246415,20.4312114989733,"Monitor","2026-02-19"
"LNT","US",69.5299987792969,TRUE,TRUE,4.86957835834437,3.20039372038821,3.21523668020136,20.2258726899384,"Monitor","2026-02-19"
"IAD","UK",448,TRUE,TRUE,2.89389067524116,2.02938193398134,5.74210533687074,20.1232032854209,"Monitor","2026-02-19"
"ESCT","UK",222.5,TRUE,TRUE,1.12717025724934,0.902940671939412,7.70509328167135,19.917864476386,"Monitor","2026-02-19"
"SAIN","UK",527,TRUE,TRUE,2.21101629169899,1.72253062818797,5.9617065056135,19.7125256673511,"Monitor","2026-02-19"
"RTW","UK",2.07999992370605,TRUE,TRUE,-2.93980830750318,-3.77404043990581,10.6429423617018,19.5071868583162,"Monitor","2026-02-19"
"BATS","UK",4344,TRUE,TRUE,1.21768793076934,2.02308957856179,5.10025544523725,19.1991786447639,"Monitor","2026-02-19"
"AFL","US",113.620002746582,TRUE,TRUE,2.46005372601302,3.68436825075431,-0.631686250519792,18.788501026694,"Monitor","2026-02-19"
"F","US",13.8500003814697,TRUE,TRUE,1.52321743616687,1.82154393850369,4.88263252603098,18.4804928131417,"Monitor","2026-02-19"
"WRB","US",70.8000030517578,TRUE,TRUE,2.413372034948,4.21176438998883,-8.39463780500873,18.3778234086242,"Monitor","2026-02-19"
"USA","UK",286.5,TRUE,TRUE,-0.413639681601723,-0.174367960482691,7.80087101685725,18.2751540041068,"Monitor","2026-02-19"
"APH","US",147.729995727539,TRUE,TRUE,4.12496119445119,-4.40956102877488,9.94885967134884,18.1724845995893,"Monitor","2026-02-19"
"MET","US",79.2200012207031,TRUE,TRUE,0.39565300232277,3.14149124901455,0.734833952522429,17.9671457905544,"Monitor","2026-02-19"
"TJX","US",157.229995727539,TRUE,TRUE,1.75776659662362,-0.0953619823594209,7.35552449276051,17.2484599589322,"Monitor","2026-02-19"
"BGFD","UK",934,TRUE,TRUE,2.59226713532513,0.968270071641797,5.8418812292663,16.9404517453799,"Monitor","2026-02-19"
"BK","US",119.48999786377,TRUE,TRUE,0.296127493818969,-1.52814531715455,7.83981284977351,16.8377823408624,"Monitor","2026-02-19"
"CCC","UK",3032,TRUE,TRUE,-1.62104634712975,-0.197693639345609,7.17766143495027,16.6324435318275,"Monitor","2026-02-19"
"HSIC","US",78.0299987792969,TRUE,TRUE,1.29451133539537,-2.46832929061878,8.83753990453897,16.6324435318275,"Monitor","2026-02-19"
"AAPL","US",264.350006103516,TRUE,TRUE,-0.897041034358073,3.39341909666802,-3.00342919942125,16.3244353182752,"Monitor","2026-02-19"
"HBR","UK",223.199996948242,TRUE,TRUE,6.10583845057853,3.46433494901222,-4.81072212986486,16.2217659137577,"Monitor","2026-02-19"
"HRI","UK",2540,TRUE,TRUE,1.56343716262145,-1.94937946810008,7.98786791322028,16.2217659137577,"Monitor","2026-02-19"
"ATT","UK",539,TRUE,TRUE,1.11052750056276,-0.370370793748354,6.71393028376288,15.9137577002053,"Monitor","2026-02-19"
"HSX","UK",1455,TRUE,TRUE,1.39372822299652,-2.37702193339118,8.08448620739659,15.605749486653,"Monitor","2026-02-19"
"GPE","UK",336,TRUE,TRUE,1.13171201541054,-0.297177038915741,6.45385211375711,15.5030800821355,"Monitor","2026-02-19"
"FCSS","UK",322.5,TRUE,TRUE,2.26732202314887,0.934586241823787,4.6003353262253,15.1950718685832,"Monitor","2026-02-19"
"GOOGL","US",303.329986572266,TRUE,TRUE,-5.3817024961813,-8.42713769568517,9.29359935657166,15.1950718685832,"Monitor","2026-02-19"
"GOOG","US",303.940002441406,TRUE,TRUE,-5.39038747689007,-8.32920944690789,9.28849804587175,15.0924024640657,"Monitor","2026-02-19"
"BNKR","UK",135,TRUE,TRUE,1.415306903829,1.19226907103975,3.92799506572095,14.9897330595483,"Monitor","2026-02-19"
"JGGI","UK",584,TRUE,TRUE,1.42762860814895,1.03271141558494,4.01800773055312,14.8870636550308,"Monitor","2026-02-19"
"VOF","UK",474.5,TRUE,TRUE,2.37545578113875,1.80759839243372,1.59323603810853,14.8870636550308,"Monitor","2026-02-19"
"MNKS","UK",1512,TRUE,TRUE,0.697959401140179,-0.790517950711411,6.4185849647405,14.7843942505133,"Monitor","2026-02-19"
"HVPE","UK",3085,TRUE,TRUE,-1.28947621028382,-1.60775167275329,6.70267573972883,14.476386036961,"Monitor","2026-02-19"
"RCP","UK",2220,TRUE,TRUE,-0.027019724398807,0.904983551991823,4.37353935078084,14.476386036961,"Monitor","2026-02-19"
"RICA","UK",306,TRUE,TRUE,2.58473297797445,1.15038244814842,3.66097456125605,14.476386036961,"Monitor","2026-02-19"
"ITV","UK",80.5999984741211,TRUE,TRUE,-0.962118936219155,0.809722947194924,4.43953698027055,14.3737166324435,"Monitor","2026-02-19"
"BRGE","UK",598,TRUE,TRUE,1.77337554035195,0.16736405580291,5.32314502228797,13.9630390143737,"Monitor","2026-02-19"
"QLT","UK",186.800003051758,TRUE,TRUE,-0.118701697886742,-0.374030327868979,5.84188459495483,13.7577002053388,"Monitor","2026-02-19"
"ES","US",71.7200012207031,TRUE,TRUE,4.57859542429324,2.27042198328284,-2.17909847690763,13.7577002053388,"Monitor","2026-02-19"
"VST","US",170.570007324219,TRUE,TRUE,4.75317092797659,2.35500462239564,-2.38671759003424,13.6550308008214,"Monitor","2026-02-19"
"NWG","UK",630,TRUE,TRUE,-1.7111615681744,-3.40179282896971,7.51340977327475,13.5523613963039,"Monitor","2026-02-19"
"CGT","UK",5030,TRUE,TRUE,1.42969490431731,0.999009307508736,2.41460423052189,13.2443531827515,"Monitor","2026-02-19"
"VEIL","UK",815,TRUE,TRUE,1.82154368956298,-2.42436116099922,6.85547553791768,13.2443531827515,"Monitor","2026-02-19"
"PAG","UK",870.5,TRUE,TRUE,0.367803899413134,-2.2153703517942,6.40408467977238,13.0390143737166,"Monitor","2026-02-19"
"PRU","UK",1124.5,TRUE,TRUE,-2.40833152527663,-3.75262181436824,7.33216070004588,12.6283367556468,"Monitor","2026-02-19"
"EXPD","US",149.580001831055,TRUE,TRUE,-4.07024709787905,-8.22926457302282,7.7538850819364,12.5256673511294,"Monitor","2026-02-19"
"PNL","UK",549,TRUE,TRUE,0.922828045148715,0.914919465358821,2.39642804387286,12.5256673511294,"Monitor","2026-02-19"
"PIN","UK",373.5,TRUE,TRUE,-0.730897009966777,-2.38106486937184,6.35572980982273,12.4229979466119,"Monitor","2026-02-19"
"COR","US",360.230010986328,TRUE,TRUE,3.52710297764008,1.50475646632557,-0.473571214287283,12.4229979466119,"Monitor","2026-02-19"
"MS","US",176.589996337891,TRUE,TRUE,-2.10177281046148,-6.83924321389986,7.48182322486075,12.217659137577,"Monitor","2026-02-19"
"JUST","UK",217.5,TRUE,TRUE,0.540840382748573,0.923794098493591,1.62228355068876,11.9096509240246,"Monitor","2026-02-19"
"JAM","UK",1126,TRUE,TRUE,0.657941786454972,0.713015498459146,2.33613499131744,11.7043121149897,"Monitor","2026-02-19"
"PPET","UK",618,TRUE,TRUE,0.0550464656931049,0.324149392417095,2.62310121488696,11.6016427104723,"Monitor","2026-02-19"
"EDIN","UK",811,TRUE,TRUE,0.12098466704526,0.370599559431817,2.1184592868277,11.088295687885,"Monitor","2026-02-19"
"ALW","UK",1278,TRUE,TRUE,0.313971742543171,0.313479880537137,1.89579137446136,10.6776180698152,"Monitor","2026-02-19"
"JTC","UK",1298,TRUE,TRUE,0.713842333954069,0.773399059973556,0.618239990831704,10.6776180698152,"Monitor","2026-02-19"
"HOLX","US",75.1999969482422,TRUE,TRUE,0.390343369971453,0.292973429508958,1.4061101211694,9.95893223819302,"Monitor","2026-02-19"
"NVDA","US",187.979995727539,TRUE,TRUE,1.82833561473575,0.935310546231793,-1.15828478717885,9.95893223819302,"Monitor","2026-02-19"
"CHG","UK",524,TRUE,TRUE,4.33882240497004,-1.51518050206025,3.101023674256,9.44558521560575,"Monitor","2026-02-19"
"PCGH","UK",419,TRUE,TRUE,-0.790832031065013,-1.89130933064874,3.39838528155987,8.93223819301848,"Monitor","2026-02-19"
"URI","US",880.179992675781,TRUE,TRUE,2.55096874247092,-4.55941543383309,5.38570156272513,8.93223819301848,"Monitor","2026-02-19"
"PPL","US",36.810001373291,TRUE,TRUE,4.0200786611932,-0.0543195474882463,0.135933287113765,8.93223819301848,"Monitor","2026-02-19"
"SYNC","UK",99.1999969482422,TRUE,TRUE,1.84595488729504,0,-1.79825333141208,7.64887063655031,"Monitor","2026-02-19"
"IWG","UK",226.600006103516,TRUE,TRUE,-2.97165068432102,-4.8243621560875,4.05278324980705,7.39219712525667,"Monitor","2026-02-19"
"CVS","US",77.75,TRUE,TRUE,-1.00005810298147,-1.08731289625998,-0.0771375192985424,7.39219712525667,"Monitor","2026-02-19"
"SRE","US",91.7300033569336,TRUE,TRUE,3.53483831852203,-0.889955587628499,-0.293906093166729,7.28952772073922,"Monitor","2026-02-19"
"LLY","US",1020.55999755859,TRUE,TRUE,-2.80597644089675,-1.73295966232443,-0.461428073658432,6.16016427104723,"Monitor","2026-02-19"
"EA","US",200.229995727539,TRUE,TRUE,-1.49118804460072,-1.98780492733208,-0.413667436780774,5.85215605749487,"Monitor","2026-02-19"
"TEL","US",235.630004882812,TRUE,TRUE,2.34681616210946,-2.25756047548256,-0.718878655798694,5.13347022587269,"Monitor","2026-02-19"
"MMM","US",164.169998168945,TRUE,TRUE,0.164366440418602,-2.18703470669608,-2.0558394958571,4.62012320328542,"Monitor","2026-02-19"
"GD","US",349.489990234375,TRUE,TRUE,-0.1687067895942,-4.99218269900901,1.51067834099683,4.51745379876797,"Monitor","2026-02-19"
"CWR","UK",304.200012207031,TRUE,TRUE,9.40085300768408,-1.88868775256923,-12.585899707786,4.0041067761807,"Monitor","2026-02-19"
"INCY","US",102.98999786377,TRUE,TRUE,1.21131039374896,-3.07863823178804,-1.12003069621673,3.79876796714579,"Monitor","2026-02-19"
"OCI","UK",544,TRUE,TRUE,-1.30624092888245,-2.54097155253685,-3.6105004642117,2.97741273100616,"Monitor","2026-02-19"
"CBRE","US",152.009994506836,TRUE,TRUE,-6.7177263464344,-12.1161616936255,-1.07961212529695,1.74537987679671,"Monitor","2026-02-19"
"STE","US",249.350006103516,TRUE,TRUE,-2.74809020509823,-7.45518379857844,-3.56899285519008,1.12936344969199,"Monitor","2026-02-19"
